route_id,route,month,seats,weekly_frequency,block_hours,is_udan_route,atf_price_per_litre,load_factor,avg_fare,passengers,ticket_revenue,ancillary_revenue,udan_subsidy,fuel_cost,lease_crew_cost,airport_handling_cost,total_revenue,total_cost,ebitda,ebitda_margin
1,Jamshedpur-Bhubaneswar-R1,2024-04,78,10,1.41,False,88.09,0.733,2499.0,2475.0,6183558.0,521499.0,0.0,10221642.0,556149.0,1004178.0,6705057.0,11781969.0,-5076912.0,-0.7572
1,Jamshedpur-Bhubaneswar-R1,2024-05,78,10,1.41,False,94.33,0.729,2682.0,2462.0,6603427.0,705163.0,0.0,10945671.0,507699.0,1115589.0,7308590.0,12568959.0,-5260369.0,-0.7198
1,Jamshedpur-Bhubaneswar-R1,2024-06,78,10,1.41,False,89.12,0.778,2533.0,2627.0,6652461.0,950684.0,0.0,10341142.0,535336.0,1367837.0,7603145.0,12244315.0,-4641170.0,-0.6104
1,Jamshedpur-Bhubaneswar-R1,2024-07,78,10,1.41,False,91.54,0.699,2494.0,2362.0,5891161.0,689681.0,0.0,10621134.0,467872.0,872930.0,6580843.0,11961936.0,-5381094.0,-0.8177
1,Jamshedpur-Bhubaneswar-R1,2024-08,78,10,1.41,False,93.29,0.853,2487.0,2883.0,7170322.0,744284.0,0.0,10824892.0,538795.0,1064045.0,7914605.0,12427732.0,-4513126.0,-0.5702
1,Jamshedpur-Bhubaneswar-R1,2024-09,78,10,1.41,False,95.39,0.718,2432.0,2426.0,5899794.0,568684.0,0.0,11067915.0,603790.0,1044401.0,6468478.0,12716107.0,-6247629.0,-0.9659
1,Jamshedpur-Bhubaneswar-R1,2024-10,78,10,1.41,False,117.3,0.718,2602.0,2424.0,6305744.0,904345.0,0.0,13610928.0,542490.0,954184.0,7210089.0,15107603.0,-7897514.0,-1.0953
1,Jamshedpur-Bhubaneswar-R1,2024-11,78,10,1.41,False,119.28,0.726,2700.0,2451.0,6619125.0,904116.0,0.0,13839938.0,602713.0,1206871.0,7523241.0,15649522.0,-8126281.0,-1.0802
1,Jamshedpur-Bhubaneswar-R1,2024-12,78,10,1.41,False,118.64,0.647,2654.0,2184.0,5797256.0,453163.0,0.0,13766153.0,603484.0,1064979.0,6250419.0,15434615.0,-9184196.0,-1.4694
1,Jamshedpur-Bhubaneswar-R1,2025-01,78,10,1.41,False,115.88,0.695,2770.0,2346.0,6500434.0,737293.0,0.0,13445256.0,524355.0,798082.0,7237727.0,14767692.0,-7529965.0,-1.0404
1,Jamshedpur-Bhubaneswar-R1,2025-02,78,10,1.41,False,117.56,0.674,2520.0,2275.0,5731723.0,537172.0,0.0,13640977.0,471020.0,949975.0,6268895.0,15061972.0,-8793077.0,-1.4027
1,Jamshedpur-Bhubaneswar-R1,2025-03,78,10,1.41,False,114.95,0.659,2713.0,2227.0,6041051.0,755902.0,0.0,13338221.0,546596.0,1272859.0,6796953.0,15157675.0,-8360723.0,-1.2301
2,Nashik-Pune-R2,2024-04,90,3,0.83,False,90.59,0.726,3956.0,848.0,3356231.0,294520.0,0.0,1593557.0,192195.0,303113.0,3650750.0,2088865.0,1561885.0,0.4278
2,Nashik-Pune-R2,2024-05,90,3,0.83,False,90.73,0.72,3537.0,842.0,2978064.0,169273.0,0.0,1595990.0,167532.0,408751.0,3147338.0,2172273.0,975064.0,0.3098
2,Nashik-Pune-R2,2024-06,90,3,0.83,False,93.2,0.671,3790.0,784.0,2971451.0,323514.0,0.0,1639425.0,217192.0,364194.0,3294965.0,2220810.0,1074154.0,0.326
2,Nashik-Pune-R2,2024-07,90,3,0.83,False,89.2,0.713,3679.0,833.0,3065522.0,330462.0,0.0,1569060.0,192918.0,270622.0,3395984.0,2032600.0,1363385.0,0.4015
2,Nashik-Pune-R2,2024-08,90,3,0.83,False,93.3,0.739,3748.0,864.0,3239302.0,333253.0,0.0,1641253.0,215671.0,364662.0,3572555.0,2221586.0,1350969.0,0.3782
2,Nashik-Pune-R2,2024-09,90,3,0.83,False,92.7,0.726,4172.0,849.0,3542676.0,285277.0,0.0,1630607.0,165010.0,309439.0,3827952.0,2105056.0,1722896.0,0.4501
2,Nashik-Pune-R2,2024-10,90,3,0.83,False,113.25,0.735,4168.0,859.0,3581677.0,176022.0,0.0,1992129.0,202829.0,264844.0,3757699.0,2459802.0,1297897.0,0.3454
2,Nashik-Pune-R2,2024-11,90,3,0.83,False,121.01,0.602,4225.0,704.0,2975204.0,130622.0,0.0,2128600.0,230705.0,321532.0,3105826.0,2680837.0,424989.0,0.1368
2,Nashik-Pune-R2,2024-12,90,3,0.83,False,122.6,0.805,4691.0,941.0,4413807.0,381137.0,0.0,2156532.0,201633.0,319929.0,4794944.0,2678094.0,2116851.0,0.4415
2,Nashik-Pune-R2,2025-01,90,3,0.83,False,110.05,0.66,3969.0,772.0,3063032.0,142908.0,0.0,1935856.0,220765.0,396796.0,3205940.0,2553416.0,652524.0,0.2035
2,Nashik-Pune-R2,2025-02,90,3,0.83,False,107.52,0.585,3769.0,683.0,2575475.0,169129.0,0.0,1891289.0,208223.0,366031.0,2744604.0,2465544.0,279060.0,0.1017
2,Nashik-Pune-R2,2025-03,90,3,0.83,False,122.82,0.655,3852.0,766.0,2949850.0,144722.0,0.0,2160516.0,200364.0,301276.0,3094572.0,2662156.0,432416.0,0.1397
3,Kanpur-Lucknow-R3,2024-04,90,14,1.93,False,91.53,0.723,3141.0,3942.0,12382131.0,865317.0,0.0,18322586.0,756182.0,1460418.0,13247447.0,20539186.0,-7291738.0,-0.5504
3,Kanpur-Lucknow-R3,2024-05,90,14,1.93,False,88.17,0.735,3504.0,4012.0,14056649.0,1579867.0,0.0,17649197.0,1053789.0,1531505.0,15636516.0,20234491.0,-4597975.0,-0.2941
3,Kanpur-Lucknow-R3,2024-06,90,14,1.93,False,95.92,0.738,3181.0,4027.0,12809068.0,1086065.0,0.0,19200964.0,773562.0,1724945.0,13895134.0,21699472.0,-7804338.0,-0.5617
3,Kanpur-Lucknow-R3,2024-07,90,14,1.93,False,92.55,0.652,3025.0,3555.0,10753327.0,744559.0,0.0,18526694.0,1031926.0,1221249.0,11497886.0,20779870.0,-9281984.0,-0.8073
3,Kanpur-Lucknow-R3,2024-08,90,14,1.93,False,90.85,0.813,3068.0,4434.0,13601112.0,1128317.0,0.0,18186533.0,1013089.0,1915930.0,14729430.0,21115552.0,-6386123.0,-0.4336
3,Kanpur-Lucknow-R3,2024-09,90,14,1.93,False,91.98,0.715,3302.0,3902.0,12884694.0,917417.0,0.0,18413578.0,786664.0,1666275.0,13802111.0,20866517.0,-7064407.0,-0.5118
3,Kanpur-Lucknow-R3,2024-10,90,14,1.93,False,110.21,0.634,3232.0,3461.0,11187878.0,788966.0,0.0,22061394.0,1022461.0,1698312.0,11976844.0,24782166.0,-12805322.0,-1.0692
3,Kanpur-Lucknow-R3,2024-11,90,14,1.93,False,119.53,0.656,3386.0,3579.0,12116680.0,1063814.0,0.0,23927585.0,972916.0,1902178.0,13180494.0,26802680.0,-13622185.0,-1.0335
3,Kanpur-Lucknow-R3,2024-12,90,14,1.93,False,110.69,0.672,3484.0,3664.0,12764731.0,1216994.0,0.0,22157769.0,777571.0,1210263.0,13981724.0,24145604.0,-10163879.0,-0.7269
3,Kanpur-Lucknow-R3,2025-01,90,14,1.93,False,122.28,0.798,3295.0,4352.0,14339812.0,1623351.0,0.0,24478492.0,904355.0,1757173.0,15963163.0,27140020.0,-11176857.0,-0.7002
3,Kanpur-Lucknow-R3,2025-02,90,14,1.93,False,112.44,0.641,3330.0,3499.0,11648659.0,825078.0,0.0,22508378.0,926587.0,1605474.0,12473737.0,25040438.0,-12566701.0,-1.0075
3,Kanpur-Lucknow-R3,2025-03,90,14,1.93,False,127.97,0.653,3291.0,3564.0,11729649.0,1199126.0,0.0,25616413.0,1044685.0,1476373.0,12928775.0,28137471.0,-15208696.0,-1.1763
4,Coimbatore-Chennai-R4,2024-04,108,5,1.13,False,88.49,0.703,2623.0,1644.0,4311060.0,621123.0,0.0,4028824.0,363974.0,433308.0,4932182.0,4826107.0,106076.0,0.0215
4,Coimbatore-Chennai-R4,2024-05,108,5,1.13,False,94.33,0.751,2530.0,1756.0,4444029.0,380860.0,0.0,4295031.0,334687.0,396110.0,4824889.0,5025828.0,-200939.0,-0.0416
4,Coimbatore-Chennai-R4,2024-06,108,5,1.13,False,91.2,0.739,2507.0,1728.0,4332187.0,556124.0,0.0,4152466.0,419647.0,509009.0,4888311.0,5081122.0,-192811.0,-0.0394
4,Coimbatore-Chennai-R4,2024-07,108,5,1.13,False,93.06,0.728,2579.0,1703.0,4391161.0,654281.0,0.0,4236900.0,323862.0,444712.0,5045441.0,5005474.0,39968.0,0.0079
4,Coimbatore-Chennai-R4,2024-08,108,5,1.13,False,100.44,0.811,2782.0,1895.0,5272568.0,530506.0,0.0,4573236.0,324731.0,502942.0,5803074.0,5400910.0,402164.0,0.0693
4,Coimbatore-Chennai-R4,2024-09,108,5,1.13,False,92.78,0.658,2733.0,1539.0,4205832.0,296238.0,0.0,4224525.0,456343.0,419741.0,4502070.0,5100609.0,-598538.0,-0.1329
4,Coimbatore-Chennai-R4,2024-10,108,5,1.13,False,122.34,0.618,2669.0,1446.0,3859479.0,530747.0,0.0,5570294.0,413901.0,625814.0,4390226.0,6610009.0,-2219782.0,-0.5056
4,Coimbatore-Chennai-R4,2024-11,108,5,1.13,False,109.78,0.694,2769.0,1623.0,4493876.0,472430.0,0.0,4998606.0,375211.0,583552.0,4966306.0,5957369.0,-991063.0,-0.1996
4,Coimbatore-Chennai-R4,2024-12,108,5,1.13,False,111.37,0.58,2779.0,1355.0,3765559.0,319582.0,0.0,5070633.0,372569.0,500754.0,4085141.0,5943955.0,-1858814.0,-0.455
4,Coimbatore-Chennai-R4,2025-01,108,5,1.13,False,113.2,0.622,2688.0,1454.0,3908265.0,592815.0,0.0,5153962.0,455066.0,535464.0,4501079.0,6144492.0,-1643413.0,-0.3651
4,Coimbatore-Chennai-R4,2025-02,108,5,1.13,False,114.71,0.79,2794.0,1846.0,5158169.0,688780.0,0.0,5222895.0,397402.0,581537.0,5846948.0,6201834.0,-354886.0,-0.0607
4,Coimbatore-Chennai-R4,2025-03,108,5,1.13,False,115.77,0.614,2841.0,1436.0,4080238.0,555258.0,0.0,5271143.0,337184.0,575918.0,4635495.0,6184245.0,-1548749.0,-0.3341
5,Indore-Bhopal-R5,2024-04,108,3,1.82,False,88.48,0.694,2898.0,973.0,2821450.0,358079.0,0.0,3408936.0,262106.0,405864.0,3179529.0,4076907.0,-897378.0,-0.2822
5,Indore-Bhopal-R5,2024-05,108,3,1.82,False,92.1,0.652,2604.0,915.0,2382135.0,299916.0,0.0,3548184.0,205845.0,336562.0,2682051.0,4090590.0,-1408540.0,-0.5252
5,Indore-Bhopal-R5,2024-06,108,3,1.82,False,93.83,0.588,2736.0,824.0,2254874.0,299483.0,0.0,3614754.0,262478.0,323323.0,2554357.0,4200556.0,-1646198.0,-0.6445
5,Indore-Bhopal-R5,2024-07,108,3,1.82,False,85.81,0.69,2774.0,967.0,2683733.0,201312.0,0.0,3305930.0,198307.0,353459.0,2885045.0,3857695.0,-972650.0,-0.3371
5,Indore-Bhopal-R5,2024-08,108,3,1.82,False,94.54,0.691,2804.0,969.0,2717538.0,252026.0,0.0,3642241.0,271418.0,372494.0,2969564.0,4286153.0,-1316590.0,-0.4434
5,Indore-Bhopal-R5,2024-09,108,3,1.82,False,92.81,0.673,2675.0,944.0,2526193.0,205725.0,0.0,3575641.0,203725.0,404064.0,2731918.0,4183429.0,-1451511.0,-0.5313
5,Indore-Bhopal-R5,2024-10,108,3,1.82,False,114.63,0.774,2750.0,1086.0,2985845.0,439355.0,0.0,4416274.0,260770.0,320998.0,3425200.0,4998042.0,-1572843.0,-0.4592
5,Indore-Bhopal-R5,2024-11,108,3,1.82,False,118.09,0.736,2977.0,1033.0,3075162.0,215338.0,0.0,4549419.0,267104.0,349678.0,3290501.0,5166201.0,-1875701.0,-0.57
5,Indore-Bhopal-R5,2024-12,108,3,1.82,False,115.17,0.658,2872.0,922.0,2649118.0,266628.0,0.0,4436945.0,264837.0,287534.0,2915746.0,4989316.0,-2073570.0,-0.7112
5,Indore-Bhopal-R5,2025-01,108,3,1.82,False,112.93,0.711,2931.0,998.0,2925369.0,366778.0,0.0,4350645.0,200370.0,415141.0,3292147.0,4966156.0,-1674009.0,-0.5085
5,Indore-Bhopal-R5,2025-02,108,3,1.82,False,120.09,0.713,2957.0,1000.0,2955622.0,419646.0,0.0,4626456.0,250433.0,352052.0,3375268.0,5228941.0,-1853673.0,-0.5492
5,Indore-Bhopal-R5,2025-03,108,3,1.82,False,110.58,0.717,2756.0,1006.0,2771192.0,215529.0,0.0,4260167.0,260451.0,269865.0,2986721.0,4790483.0,-1803762.0,-0.6039
6,Rajkot-Ahmedabad-R6,2024-04,78,14,1.72,True,86.02,0.647,2209.0,3060.0,6760539.0,1174702.0,849957.0,14464051.0,885172.0,1878561.0,8785197.0,17227784.0,-8442587.0,-0.961
6,Rajkot-Ahmedabad-R6,2024-05,78,14,1.72,True,92.59,0.79,2544.0,3737.0,9508459.0,708685.0,1332879.0,15569199.0,679679.0,1519345.0,11550022.0,17768223.0,-6218200.0,-0.5384
6,Rajkot-Ahmedabad-R6,2024-06,78,14,1.72,True,96.06,0.731,2286.0,3454.0,7896531.0,750428.0,1527680.0,16152226.0,700384.0,1320948.0,10174639.0,18173557.0,-7998919.0,-0.7862
6,Rajkot-Ahmedabad-R6,2024-07,78,14,1.72,True,94.41,0.828,2221.0,3916.0,8698282.0,756149.0,1579877.0,15874785.0,654579.0,1841517.0,11034308.0,18370881.0,-7336573.0,-0.6649
6,Rajkot-Ahmedabad-R6,2024-08,78,14,1.72,True,86.51,0.781,2314.0,3691.0,8541182.0,827055.0,1862001.0,14545848.0,781093.0,1756594.0,11230238.0,17083535.0,-5853296.0,-0.5212
6,Rajkot-Ahmedabad-R6,2024-09,78,14,1.72,True,91.43,0.745,2429.0,3521.0,8553756.0,1433332.0,1284212.0,15373964.0,817404.0,1685046.0,11271300.0,17876413.0,-6605114.0,-0.586
6,Rajkot-Ahmedabad-R6,2024-10,78,14,1.72,True,121.46,0.748,2513.0,3537.0,8886428.0,979588.0,1487738.0,20423087.0,677944.0,1204963.0,11353755.0,22305995.0,-10952240.0,-0.9646
6,Rajkot-Ahmedabad-R6,2024-11,78,14,1.72,True,115.88,0.674,2571.0,3188.0,8197505.0,1059456.0,1321283.0,19485086.0,765962.0,1275857.0,10578244.0,21526905.0,-10948662.0,-1.035
6,Rajkot-Ahmedabad-R6,2024-12,78,14,1.72,True,113.87,0.697,2492.0,3298.0,8218619.0,968906.0,1171640.0,19146393.0,815714.0,1571319.0,10359165.0,21533426.0,-11174261.0,-1.0787
6,Rajkot-Ahmedabad-R6,2025-01,78,14,1.72,True,118.04,0.736,2607.0,3481.0,9075502.0,1284299.0,1587436.0,19848010.0,772842.0,1622444.0,11947237.0,22243297.0,-10296060.0,-0.8618
6,Rajkot-Ahmedabad-R6,2025-02,78,14,1.72,True,114.54,0.811,2541.0,3835.0,9742736.0,1537907.0,1659805.0,19259118.0,799852.0,1769994.0,12940448.0,21828964.0,-8888516.0,-0.6869
6,Rajkot-Ahmedabad-R6,2025-03,78,14,1.72,True,110.63,0.765,2666.0,3617.0,9643956.0,699276.0,1427895.0,18602675.0,743270.0,1237977.0,11771127.0,20583922.0,-8812795.0,-0.7487
7,Guwahati-Dibrugarh-R7,2024-04,108,5,1.84,False,96.09,0.779,5094.0,1821.0,9274157.0,380036.0,0.0,6144319.0,372179.0,680200.0,9654194.0,7196698.0,2457496.0,0.2546
7,Guwahati-Dibrugarh-R7,2024-05,108,5,1.84,False,99.26,0.751,5136.0,1756.0,9019427.0,605961.0,0.0,6346994.0,423359.0,507255.0,9625387.0,7277608.0,2347780.0,0.2439
7,Guwahati-Dibrugarh-R7,2024-06,108,5,1.84,False,92.3,0.72,5492.0,1683.0,9244491.0,515069.0,0.0,5901776.0,341941.0,439986.0,9759561.0,6683703.0,3075857.0,0.3152
7,Guwahati-Dibrugarh-R7,2024-07,108,5,1.84,False,94.69,0.823,5027.0,1924.0,9671088.0,733663.0,0.0,6054918.0,466185.0,432618.0,10404751.0,6953721.0,3451030.0,0.3317
7,Guwahati-Dibrugarh-R7,2024-08,108,5,1.84,False,96.21,0.698,5668.0,1633.0,9256415.0,590009.0,0.0,6151984.0,382530.0,531953.0,9846424.0,7066467.0,2779957.0,0.2823
7,Guwahati-Dibrugarh-R7,2024-09,108,5,1.84,False,90.91,0.669,5165.0,1563.0,8073850.0,298120.0,0.0,5813296.0,352328.0,478223.0,8371970.0,6643847.0,1728123.0,0.2064
7,Guwahati-Dibrugarh-R7,2024-10,108,5,1.84,False,119.22,0.541,5380.0,1266.0,6810263.0,301861.0,0.0,7623148.0,444129.0,582953.0,7112124.0,8650231.0,-1538107.0,-0.2163
7,Guwahati-Dibrugarh-R7,2024-11,108,5,1.84,False,117.36,0.675,5658.0,1579.0,8935152.0,423240.0,0.0,7503972.0,398425.0,492286.0,9358392.0,8394684.0,963708.0,0.103
7,Guwahati-Dibrugarh-R7,2024-12,108,5,1.84,False,122.66,0.703,6170.0,1643.0,10139634.0,494865.0,0.0,7843186.0,454045.0,567657.0,10634499.0,8864887.0,1769611.0,0.1664
7,Guwahati-Dibrugarh-R7,2025-01,108,5,1.84,False,117.34,0.632,5581.0,1477.0,8242699.0,591028.0,0.0,7503159.0,412149.0,443502.0,8833727.0,8358811.0,474916.0,0.0538
7,Guwahati-Dibrugarh-R7,2025-02,108,5,1.84,False,115.77,0.675,5418.0,1579.0,8556090.0,454150.0,0.0,7402359.0,363554.0,571098.0,9010241.0,8337011.0,673230.0,0.0747
7,Guwahati-Dibrugarh-R7,2025-03,108,5,1.84,False,109.45,0.631,5334.0,1475.0,7869629.0,613245.0,0.0,6998728.0,410575.0,534432.0,8482874.0,7943735.0,539139.0,0.0636
8,Varanasi-Delhi-R8,2024-04,138,10,2.06,False,88.78,0.768,5516.0,4588.0,25309313.0,1310514.0,0.0,14668509.0,1023412.0,1175917.0,26619827.0,16867838.0,9751989.0,0.3663
8,Varanasi-Delhi-R8,2024-05,138,10,2.06,False,96.83,0.652,5078.0,3894.0,19772002.0,1386626.0,0.0,15998459.0,1099040.0,989444.0,21158628.0,18086944.0,3071684.0,0.1452
8,Varanasi-Delhi-R8,2024-06,138,10,2.06,False,87.04,0.648,4909.0,3873.0,19011903.0,1152287.0,0.0,14381218.0,1189526.0,1061267.0,20164190.0,16632010.0,3532180.0,0.1752
8,Varanasi-Delhi-R8,2024-07,138,10,2.06,False,86.68,0.756,4870.0,4517.0,21999338.0,905001.0,0.0,14320152.0,1024318.0,1265609.0,22904339.0,16610079.0,6294260.0,0.2748
8,Varanasi-Delhi-R8,2024-08,138,10,2.06,False,93.62,0.771,5128.0,4606.0,23616077.0,1240997.0,0.0,15468122.0,829654.0,845647.0,24857074.0,17143423.0,7713651.0,0.3103
8,Varanasi-Delhi-R8,2024-09,138,10,2.06,False,92.71,0.64,5127.0,3822.0,19594499.0,1481718.0,0.0,15316525.0,1094987.0,1264888.0,21076217.0,17676401.0,3399817.0,0.1613
8,Varanasi-Delhi-R8,2024-10,138,10,2.06,False,107.44,0.772,4905.0,4613.0,22627590.0,835400.0,0.0,17750657.0,1008633.0,1189972.0,23462991.0,19949262.0,3513729.0,0.1498
8,Varanasi-Delhi-R8,2024-11,138,10,2.06,False,107.4,0.66,5357.0,3946.0,21136070.0,935249.0,0.0,17743494.0,1138528.0,990377.0,22071320.0,19872399.0,2198921.0,0.0996
8,Varanasi-Delhi-R8,2024-12,138,10,2.06,False,119.91,0.569,5234.0,3399.0,17787688.0,835949.0,0.0,19810346.0,1151503.0,893119.0,18623637.0,21854968.0,-3231331.0,-0.1735
8,Varanasi-Delhi-R8,2025-01,138,10,2.06,False,111.38,0.595,5502.0,3557.0,19572582.0,1493022.0,0.0,18402127.0,924790.0,1026694.0,21065604.0,20353611.0,711992.0,0.0338
8,Varanasi-Delhi-R8,2025-02,138,10,2.06,False,112.42,0.581,5360.0,3473.0,18612869.0,1387925.0,0.0,18573594.0,1001829.0,860853.0,20000794.0,20436276.0,-435483.0,-0.0218
8,Varanasi-Delhi-R8,2025-03,138,10,2.06,False,110.63,0.72,5401.0,4304.0,23244390.0,1242852.0,0.0,18277422.0,1054695.0,987504.0,24487242.0,20319621.0,4167622.0,0.1702
9,Madurai-Bengaluru-R9,2024-04,90,7,2.14,False,91.76,0.623,2964.0,1699.0,5034309.0,676324.0,0.0,11088863.0,463078.0,860575.0,5710633.0,12412517.0,-6701884.0,-1.1736
9,Madurai-Bengaluru-R9,2024-05,90,7,2.14,False,94.35,0.741,3109.0,2022.0,6287876.0,481166.0,0.0,11402995.0,426769.0,611540.0,6769042.0,12441304.0,-5672262.0,-0.838
9,Madurai-Bengaluru-R9,2024-06,90,7,2.14,False,99.15,0.75,3287.0,2047.0,6726547.0,753354.0,0.0,11982275.0,447093.0,747675.0,7479900.0,13177043.0,-5697143.0,-0.7617
9,Madurai-Bengaluru-R9,2024-07,90,7,2.14,False,95.76,0.694,3154.0,1892.0,5968919.0,424736.0,0.0,11572267.0,468800.0,588818.0,6393655.0,12629884.0,-6236230.0,-0.9754
9,Madurai-Bengaluru-R9,2024-08,90,7,2.14,False,90.62,0.7,3275.0,1908.0,6249330.0,541764.0,0.0,10952088.0,376501.0,952851.0,6791095.0,12281439.0,-5490344.0,-0.8085
9,Madurai-Bengaluru-R9,2024-09,90,7,2.14,False,89.52,0.678,2850.0,1850.0,5272040.0,362030.0,0.0,10818715.0,450027.0,764577.0,5634070.0,12033319.0,-6399249.0,-1.1358
9,Madurai-Bengaluru-R9,2024-10,90,7,2.14,False,112.43,0.623,3408.0,1700.0,5793367.0,330675.0,0.0,13586962.0,492653.0,633427.0,6124042.0,14713042.0,-8589000.0,-1.4025
9,Madurai-Bengaluru-R9,2024-11,90,7,2.14,False,112.34,0.724,3415.0,1975.0,6744157.0,408536.0,0.0,13576814.0,521514.0,546103.0,7152693.0,14644431.0,-7491738.0,-1.0474
9,Madurai-Bengaluru-R9,2024-12,90,7,2.14,False,112.39,0.591,3535.0,1613.0,5700926.0,592412.0,0.0,13582938.0,517733.0,656056.0,6293338.0,14756727.0,-8463388.0,-1.3448
9,Madurai-Bengaluru-R9,2025-01,90,7,2.14,False,106.46,0.595,3076.0,1624.0,4993638.0,381202.0,0.0,12866559.0,428214.0,940379.0,5374840.0,14235153.0,-8860313.0,-1.6485
9,Madurai-Bengaluru-R9,2025-02,90,7,2.14,False,105.92,0.712,3234.0,1942.0,6279626.0,371622.0,0.0,12800269.0,394451.0,935473.0,6651248.0,14130194.0,-7478946.0,-1.1244
9,Madurai-Bengaluru-R9,2025-03,90,7,2.14,False,111.03,0.733,3141.0,2001.0,6284167.0,657901.0,0.0,13418222.0,412590.0,787119.0,6942068.0,14617932.0,-7675864.0,-1.1057
10,Raipur-Nagpur-R10,2024-04,78,7,1.99,False,93.55,0.703,4231.0,1661.0,7029057.0,400412.0,0.0,9037491.0,460494.0,738424.0,7429469.0,10236409.0,-2806940.0,-0.3778
10,Raipur-Nagpur-R10,2024-05,78,7,1.99,False,98.15,0.832,4680.0,1967.0,9207549.0,738033.0,0.0,9481630.0,369244.0,884718.0,9945582.0,10735592.0,-790010.0,-0.0794
10,Raipur-Nagpur-R10,2024-06,78,7,1.99,False,93.33,0.8,4570.0,1891.0,8642329.0,484612.0,0.0,9016116.0,332724.0,558240.0,9126941.0,9907080.0,-780139.0,-0.0855
10,Raipur-Nagpur-R10,2024-07,78,7,1.99,False,86.65,0.73,4306.0,1726.0,7431113.0,611042.0,0.0,8370928.0,428471.0,858989.0,8042155.0,9658388.0,-1616233.0,-0.201
10,Raipur-Nagpur-R10,2024-08,78,7,1.99,False,96.08,0.74,4728.0,1750.0,8274948.0,367980.0,0.0,9281788.0,342696.0,839688.0,8642928.0,10464172.0,-1821243.0,-0.2107
10,Raipur-Nagpur-R10,2024-09,78,7,1.99,False,93.19,0.729,4140.0,1723.0,7132182.0,311724.0,0.0,9002913.0,323373.0,966986.0,7443906.0,10293271.0,-2849365.0,-0.3828
10,Raipur-Nagpur-R10,2024-10,78,7,1.99,False,117.2,0.7,4705.0,1655.0,7785512.0,510803.0,0.0,11322377.0,415355.0,661504.0,8296315.0,12399237.0,-4102922.0,-0.4945
10,Raipur-Nagpur-R10,2024-11,78,7,1.99,False,105.55,0.716,4515.0,1692.0,7640089.0,644135.0,0.0,10197144.0,323613.0,798365.0,8284224.0,11319123.0,-3034899.0,-0.3663
10,Raipur-Nagpur-R10,2024-12,78,7,1.99,False,115.04,0.687,4496.0,1625.0,7306254.0,508376.0,0.0,11113874.0,381064.0,833122.0,7814629.0,12328059.0,-4513430.0,-0.5776
10,Raipur-Nagpur-R10,2025-01,78,7,1.99,False,122.54,0.677,4403.0,1601.0,7047124.0,449199.0,0.0,11838554.0,399061.0,550871.0,7496323.0,12788486.0,-5292163.0,-0.706
10,Raipur-Nagpur-R10,2025-02,78,7,1.99,False,121.04,0.655,4547.0,1548.0,7038856.0,609156.0,0.0,11692960.0,380887.0,835227.0,7648012.0,12909074.0,-5261062.0,-0.6879
10,Raipur-Nagpur-R10,2025-03,78,7,1.99,False,107.34,0.656,4747.0,1551.0,7363870.0,599005.0,0.0,10369858.0,459550.0,635603.0,7962875.0,11465011.0,-3502136.0,-0.4398
11,Jodhpur-Jaipur-R11,2024-04,90,7,1.83,False,95.64,0.565,4142.0,1540.0,6379224.0,487928.0,0.0,10118973.0,388561.0,929172.0,6867152.0,11436705.0,-4569554.0,-0.6654
11,Jodhpur-Jaipur-R11,2024-05,90,7,1.83,False,89.74,0.671,3995.0,1831.0,7316262.0,419480.0,0.0,9494621.0,500616.0,555399.0,7735742.0,10550637.0,-2814896.0,-0.3639
11,Jodhpur-Jaipur-R11,2024-06,90,7,1.83,False,97.72,0.727,4417.0,1984.0,8762098.0,779569.0,0.0,10338255.0,439419.0,681001.0,9541667.0,11458674.0,-1917008.0,-0.2009
11,Jodhpur-Jaipur-R11,2024-07,90,7,1.83,False,101.54,0.736,3918.0,2008.0,7866426.0,651429.0,0.0,10742556.0,534248.0,744018.0,8517855.0,12020823.0,-3502967.0,-0.4112
11,Jodhpur-Jaipur-R11,2024-08,90,7,1.83,False,94.73,0.727,4118.0,1983.0,8164914.0,419298.0,0.0,10021979.0,398777.0,836067.0,8584212.0,11256823.0,-2672611.0,-0.3113
11,Jodhpur-Jaipur-R11,2024-09,90,7,1.83,False,86.19,0.765,3862.0,2087.0,8059034.0,425174.0,0.0,9118796.0,502353.0,919439.0,8484208.0,10540589.0,-2056381.0,-0.2424
11,Jodhpur-Jaipur-R11,2024-10,90,7,1.83,False,115.15,0.604,4217.0,1649.0,6954129.0,482181.0,0.0,12182531.0,415712.0,564749.0,7436310.0,13162991.0,-5726681.0,-0.7701
11,Jodhpur-Jaipur-R11,2024-11,90,7,1.83,False,117.82,0.689,3898.0,1879.0,7323498.0,388122.0,0.0,12465384.0,414483.0,670664.0,7711620.0,13550532.0,-5838912.0,-0.7572
11,Jodhpur-Jaipur-R11,2024-12,90,7,1.83,False,119.73,0.699,4509.0,1906.0,8591892.0,792258.0,0.0,12667839.0,537338.0,576057.0,9384150.0,13781234.0,-4397084.0,-0.4686
11,Jodhpur-Jaipur-R11,2025-01,90,7,1.83,False,114.32,0.659,3766.0,1798.0,6772146.0,688623.0,0.0,12095377.0,478372.0,775727.0,7460769.0,13349476.0,-5888707.0,-0.7893
11,Jodhpur-Jaipur-R11,2025-02,90,7,1.83,False,111.11,0.666,4531.0,1818.0,8235147.0,582018.0,0.0,11755332.0,499131.0,671199.0,8817165.0,12925662.0,-4108497.0,-0.466
11,Jodhpur-Jaipur-R11,2025-03,90,7,1.83,False,115.19,0.691,4273.0,1885.0,8056696.0,432954.0,0.0,12187502.0,535328.0,596779.0,8489650.0,13319609.0,-4829960.0,-0.5689
12,Amritsar-Chandigarh-R12,2024-04,78,14,0.94,False,93.19,0.758,2758.0,3586.0,9887986.0,1256633.0,0.0,8988138.0,900483.0,1833394.0,11144620.0,11722015.0,-577395.0,-0.0518
12,Amritsar-Chandigarh-R12,2024-05,78,14,0.94,False,89.11,0.757,3040.0,3578.0,10878612.0,854313.0,0.0,8594642.0,690722.0,1888935.0,11732925.0,11174299.0,558626.0,0.0476
12,Amritsar-Chandigarh-R12,2024-06,78,14,0.94,False,92.36,0.691,2823.0,3266.0,9218200.0,972420.0,0.0,8907755.0,802731.0,1546535.0,10190620.0,11257021.0,-1066401.0,-0.1046
12,Amritsar-Chandigarh-R12,2024-07,78,14,0.94,False,91.3,0.73,2847.0,3450.0,9820939.0,1409275.0,0.0,8806052.0,788227.0,1900126.0,11230214.0,11494405.0,-264191.0,-0.0235
12,Amritsar-Chandigarh-R12,2024-08,78,14,0.94,False,92.93,0.76,2682.0,3595.0,9644054.0,865624.0,0.0,8962845.0,650842.0,1192113.0,10509677.0,10805800.0,-296123.0,-0.0282
12,Amritsar-Chandigarh-R12,2024-09,78,14,0.94,False,92.63,0.778,2916.0,3680.0,10729560.0,1072964.0,0.0,8934486.0,763430.0,1542561.0,11802524.0,11240477.0,562047.0,0.0476
12,Amritsar-Chandigarh-R12,2024-10,78,14,0.94,False,102.52,0.708,2327.0,3348.0,7789656.0,979166.0,0.0,9888318.0,688175.0,1872511.0,8768823.0,12449004.0,-3680181.0,-0.4197
12,Amritsar-Chandigarh-R12,2024-11,78,14,0.94,False,111.45,0.767,2944.0,3628.0,10679836.0,1195163.0,0.0,10749076.0,869935.0,1764702.0,11874999.0,13383713.0,-1508715.0,-0.127
12,Amritsar-Chandigarh-R12,2024-12,78,14,0.94,False,112.07,0.625,3000.0,2955.0,8864831.0,533458.0,0.0,10809273.0,943656.0,1329551.0,9398289.0,13082480.0,-3684191.0,-0.392
12,Amritsar-Chandigarh-R12,2025-01,78,14,0.94,False,112.25,0.687,2974.0,3249.0,9662690.0,1077765.0,0.0,10826015.0,761143.0,1873518.0,10740454.0,13460676.0,-2720222.0,-0.2533
12,Amritsar-Chandigarh-R12,2025-02,78,14,0.94,False,110.13,0.751,2955.0,3552.0,10496206.0,1150694.0,0.0,10622179.0,785416.0,1897458.0,11646900.0,13305053.0,-1658153.0,-0.1424
12,Amritsar-Chandigarh-R12,2025-03,78,14,0.94,False,114.29,0.729,3073.0,3448.0,10595951.0,653877.0,0.0,11023402.0,778379.0,1848596.0,11249828.0,13650377.0,-2400549.0,-0.2134
13,Vizag-Hyderabad-R13,2024-04,108,10,2.19,False,96.44,0.833,3505.0,3894.0,13648547.0,1077640.0,0.0,16332761.0,803552.0,1215732.0,14726188.0,18352045.0,-3625857.0,-0.2462
13,Vizag-Hyderabad-R13,2024-05,108,10,2.19,False,92.36,0.733,3424.0,3427.0,11735667.0,1149091.0,0.0,15642737.0,737577.0,1026825.0,12884758.0,17407139.0,-4522381.0,-0.351
13,Vizag-Hyderabad-R13,2024-06,108,10,2.19,False,93.9,0.725,3345.0,3391.0,11343241.0,1153688.0,0.0,15903247.0,831720.0,1181256.0,12496929.0,17916223.0,-5419293.0,-0.4337
13,Vizag-Hyderabad-R13,2024-07,108,10,2.19,False,93.14,0.651,3526.0,3044.0,10733204.0,1116377.0,0.0,15773652.0,893382.0,928938.0,11849581.0,17595971.0,-5746390.0,-0.4849
13,Vizag-Hyderabad-R13,2024-08,108,10,2.19,False,88.94,0.728,3244.0,3405.0,11045557.0,726215.0,0.0,15062395.0,719888.0,1188425.0,11771772.0,16970708.0,-5198936.0,-0.4416
13,Vizag-Hyderabad-R13,2024-09,108,10,2.19,False,92.95,0.75,3390.0,3505.0,11884120.0,1221043.0,0.0,15741747.0,921127.0,1149219.0,13105163.0,17812093.0,-4706930.0,-0.3592
13,Vizag-Hyderabad-R13,2024-10,108,10,2.19,False,112.3,0.748,3693.0,3497.0,12914287.0,964816.0,0.0,19019404.0,840711.0,793481.0,13879102.0,20653596.0,-6774493.0,-0.4881
13,Vizag-Hyderabad-R13,2024-11,108,10,2.19,False,114.44,0.744,3389.0,3480.0,11793947.0,1408106.0,0.0,19382420.0,891384.0,974727.0,13202053.0,21248531.0,-8046478.0,-0.6095
13,Vizag-Hyderabad-R13,2024-12,108,10,2.19,False,118.67,0.691,3353.0,3232.0,10837904.0,771169.0,0.0,20098260.0,909027.0,1339453.0,11609073.0,22346740.0,-10737667.0,-0.9249
13,Vizag-Hyderabad-R13,2025-01,108,10,2.19,False,122.29,0.61,3451.0,2855.0,9851443.0,1036397.0,0.0,20710464.0,779137.0,1056101.0,10887839.0,22545703.0,-11657863.0,-1.0707
13,Vizag-Hyderabad-R13,2025-02,108,10,2.19,False,112.55,0.71,3507.0,3319.0,11638338.0,1064078.0,0.0,19060793.0,757906.0,912071.0,12702416.0,20730769.0,-8028353.0,-0.632
13,Vizag-Hyderabad-R13,2025-03,108,10,2.19,False,123.97,0.646,3476.0,3023.0,10505612.0,787888.0,0.0,20995464.0,874407.0,1288107.0,11293500.0,23157978.0,-11864478.0,-1.0506
14,Patna-Ranchi-R14,2024-04,78,3,1.88,False,89.26,0.739,6177.0,748.0,4622824.0,246005.0,0.0,3576068.0,198273.0,412192.0,4868829.0,4186534.0,682295.0,0.1401
14,Patna-Ranchi-R14,2024-05,78,3,1.88,False,92.73,0.716,5920.0,725.0,4294552.0,177685.0,0.0,3715082.0,195144.0,354476.0,4472238.0,4264702.0,207536.0,0.0464
14,Patna-Ranchi-R14,2024-06,78,3,1.88,False,87.81,0.632,5984.0,641.0,3834378.0,180458.0,0.0,3517749.0,173475.0,324889.0,4014836.0,4016114.0,-1278.0,-0.0003
14,Patna-Ranchi-R14,2024-07,78,3,1.88,False,94.38,0.736,5605.0,746.0,4178732.0,313027.0,0.0,3781328.0,171148.0,251133.0,4491759.0,4203609.0,288150.0,0.0642
14,Patna-Ranchi-R14,2024-08,78,3,1.88,False,93.48,0.783,6155.0,794.0,4885577.0,230743.0,0.0,3745226.0,165177.0,243171.0,5116320.0,4153574.0,962747.0,0.1882
14,Patna-Ranchi-R14,2024-09,78,3,1.88,False,93.56,0.659,5998.0,668.0,4005926.0,253598.0,0.0,3748243.0,191000.0,309595.0,4259524.0,4248838.0,10686.0,0.0025
14,Patna-Ranchi-R14,2024-10,78,3,1.88,False,117.76,0.669,5789.0,678.0,3922141.0,267173.0,0.0,4717620.0,146882.0,393687.0,4189313.0,5258189.0,-1068876.0,-0.2551
14,Patna-Ranchi-R14,2024-11,78,3,1.88,False,108.89,0.706,5509.0,715.0,3941123.0,137850.0,0.0,4362477.0,137542.0,313169.0,4078973.0,4813188.0,-734214.0,-0.18
14,Patna-Ranchi-R14,2024-12,78,3,1.88,False,119.41,0.669,6687.0,678.0,4531146.0,149296.0,0.0,4783907.0,147074.0,390365.0,4680442.0,5321347.0,-640905.0,-0.1369
14,Patna-Ranchi-R14,2025-01,78,3,1.88,False,119.89,0.644,6567.0,652.0,4284093.0,179187.0,0.0,4803027.0,185565.0,280640.0,4463281.0,5269232.0,-805951.0,-0.1806
14,Patna-Ranchi-R14,2025-02,78,3,1.88,False,119.37,0.685,6671.0,694.0,4631304.0,186275.0,0.0,4782223.0,151785.0,271716.0,4817579.0,5205724.0,-388145.0,-0.0806
14,Patna-Ranchi-R14,2025-03,78,3,1.88,False,121.69,0.713,6025.0,723.0,4354735.0,160525.0,0.0,4875344.0,191122.0,306292.0,4515261.0,5372758.0,-857498.0,-0.1899
15,Surat-Mumbai-R15,2024-04,108,14,0.99,False,92.0,0.813,3172.0,5325.0,16889085.0,1204294.0,0.0,10097402.0,981445.0,1647957.0,18093378.0,12726803.0,5366575.0,0.2966
15,Surat-Mumbai-R15,2024-05,108,14,0.99,False,91.24,0.635,3436.0,4154.0,14276584.0,1297092.0,0.0,10013131.0,1237232.0,1694175.0,15573676.0,12944538.0,2629138.0,0.1688
15,Surat-Mumbai-R15,2024-06,108,14,0.99,False,90.76,0.703,3407.0,4604.0,15684037.0,1365861.0,0.0,9961393.0,998021.0,1446465.0,17049898.0,12405879.0,4644019.0,0.2724
15,Surat-Mumbai-R15,2024-07,108,14,0.99,False,91.75,0.629,3477.0,4118.0,14317302.0,1122097.0,0.0,10069024.0,1002446.0,1534102.0,15439399.0,12605571.0,2833827.0,0.1835
15,Surat-Mumbai-R15,2024-08,108,14,0.99,False,88.04,0.776,3470.0,5082.0,17634943.0,995411.0,0.0,9662191.0,888965.0,1271315.0,18630353.0,11822472.0,6807881.0,0.3654
15,Surat-Mumbai-R15,2024-09,108,14,0.99,False,91.05,0.747,3725.0,4890.0,18216888.0,1925040.0,0.0,9992853.0,1086309.0,1495210.0,20141929.0,12574372.0,7567557.0,0.3757
15,Surat-Mumbai-R15,2024-10,108,14,0.99,False,124.58,0.801,4207.0,5244.0,22062455.0,1190019.0,0.0,13672771.0,1174513.0,1272856.0,23252474.0,16120140.0,7132334.0,0.3067
15,Surat-Mumbai-R15,2024-11,108,14,0.99,False,106.05,0.656,3690.0,4294.0,15845623.0,911661.0,0.0,11639158.0,1250588.0,1363075.0,16757284.0,14252821.0,2504463.0,0.1495
15,Surat-Mumbai-R15,2024-12,108,14,0.99,False,111.23,0.822,3888.0,5381.0,20923057.0,1756963.0,0.0,12207647.0,974960.0,1845098.0,22680020.0,15027705.0,7652315.0,0.3374
15,Surat-Mumbai-R15,2025-01,108,14,0.99,False,114.29,0.602,3485.0,3943.0,13740712.0,1296170.0,0.0,12543231.0,939850.0,1814560.0,15036882.0,15297641.0,-260759.0,-0.0173
15,Surat-Mumbai-R15,2025-02,108,14,0.99,False,123.53,0.71,3981.0,4646.0,18497505.0,885558.0,0.0,13557866.0,1057399.0,1366079.0,19383062.0,15981343.0,3401719.0,0.1755
15,Surat-Mumbai-R15,2025-03,108,14,0.99,False,124.2,0.719,3726.0,4707.0,17539030.0,1952835.0,0.0,13631191.0,1098381.0,1510130.0,19491865.0,16239702.0,3252162.0,0.1668
16,Kharagpur-Kolkata-R16,2024-04,90,14,1.33,False,93.71,0.762,2867.0,4158.0,11922404.0,1612713.0,0.0,13139958.0,947126.0,1395558.0,13535117.0,15482642.0,-1947525.0,-0.1439
16,Kharagpur-Kolkata-R16,2024-05,90,14,1.33,False,90.41,0.788,2670.0,4297.0,11474454.0,1729417.0,0.0,12676605.0,1067584.0,1423411.0,13203871.0,15167600.0,-1963729.0,-0.1487
16,Kharagpur-Kolkata-R16,2024-06,90,14,1.33,False,87.32,0.783,2863.0,4272.0,12230154.0,1242481.0,0.0,12244005.0,971475.0,1561667.0,13472636.0,14777147.0,-1304511.0,-0.0968
16,Kharagpur-Kolkata-R16,2024-07,90,14,1.33,False,90.11,0.771,2656.0,4209.0,11178481.0,853218.0,0.0,12635588.0,798673.0,1704852.0,12031699.0,15139113.0,-3107414.0,-0.2583
16,Kharagpur-Kolkata-R16,2024-08,90,14,1.33,False,92.29,0.773,2601.0,4216.0,10967778.0,1523348.0,0.0,12940938.0,830716.0,1792840.0,12491125.0,15564493.0,-3073368.0,-0.246
16,Kharagpur-Kolkata-R16,2024-09,90,14,1.33,False,93.99,0.764,2740.0,4168.0,11421016.0,802893.0,0.0,13178466.0,1072052.0,1424254.0,12223910.0,15674772.0,-3450862.0,-0.2823
16,Kharagpur-Kolkata-R16,2024-10,90,14,1.33,False,120.29,0.686,2736.0,3745.0,10246202.0,1285615.0,0.0,16866560.0,937775.0,1113678.0,11531817.0,18918012.0,-7386195.0,-0.6405
16,Kharagpur-Kolkata-R16,2024-11,90,14,1.33,False,112.99,0.564,2933.0,3078.0,9027166.0,558067.0,0.0,15843379.0,1016332.0,1371832.0,9585233.0,18231543.0,-8646309.0,-0.902
16,Kharagpur-Kolkata-R16,2024-12,90,14,1.33,False,127.51,0.734,2845.0,4007.0,11398309.0,875700.0,0.0,17878494.0,1012213.0,1512606.0,12274009.0,20403314.0,-8129305.0,-0.6623
16,Kharagpur-Kolkata-R16,2025-01,90,14,1.33,False,118.99,0.59,2727.0,3221.0,8786070.0,724910.0,0.0,16684914.0,948859.0,1836426.0,9510980.0,19470200.0,-9959219.0,-1.0471
16,Kharagpur-Kolkata-R16,2025-02,90,14,1.33,False,106.43,0.722,2761.0,3938.0,10874795.0,1242354.0,0.0,14923797.0,1084897.0,1606488.0,12117149.0,17615183.0,-5498033.0,-0.4537
16,Kharagpur-Kolkata-R16,2025-03,90,14,1.33,False,106.48,0.664,2504.0,3623.0,9073116.0,1343363.0,0.0,14930543.0,1034242.0,1332522.0,10416478.0,17297307.0,-6880829.0,-0.6606
17,Jamshedpur-Bhubaneswar-R17,2024-04,108,5,2.02,False,95.57,0.679,3761.0,1589.0,5973955.0,429557.0,0.0,6722453.0,410328.0,401853.0,6403511.0,7534633.0,-1131122.0,-0.1766
17,Jamshedpur-Bhubaneswar-R17,2024-05,108,5,2.02,False,94.9,0.743,3562.0,1736.0,6184395.0,370715.0,0.0,6675407.0,345657.0,494009.0,6555110.0,7515073.0,-959963.0,-0.1464
17,Jamshedpur-Bhubaneswar-R17,2024-06,108,5,2.02,False,88.78,0.778,3921.0,1818.0,7129916.0,680272.0,0.0,6244457.0,463795.0,414171.0,7810188.0,7122422.0,687766.0,0.0881
17,Jamshedpur-Bhubaneswar-R17,2024-07,108,5,2.02,False,93.97,0.888,3828.0,2075.0,7944709.0,587294.0,0.0,6610080.0,382123.0,400581.0,8532002.0,7392784.0,1139218.0,0.1335
17,Jamshedpur-Bhubaneswar-R17,2024-08,108,5,2.02,False,90.42,0.663,4316.0,1550.0,6691498.0,294096.0,0.0,6360106.0,423418.0,481165.0,6985595.0,7264688.0,-279094.0,-0.04
17,Jamshedpur-Bhubaneswar-R17,2024-09,108,5,2.02,False,91.67,0.71,3978.0,1660.0,6602375.0,632343.0,0.0,6448221.0,334990.0,407833.0,7234718.0,7191043.0,43675.0,0.006
17,Jamshedpur-Bhubaneswar-R17,2024-10,108,5,2.02,False,122.25,0.662,3997.0,1549.0,6191515.0,489739.0,0.0,8598707.0,377036.0,524584.0,6681254.0,9500328.0,-2819075.0,-0.4219
17,Jamshedpur-Bhubaneswar-R17,2024-11,108,5,2.02,False,104.29,0.737,3796.0,1723.0,6538602.0,428326.0,0.0,7335690.0,462285.0,418278.0,6966928.0,8216252.0,-1249324.0,-0.1793
17,Jamshedpur-Bhubaneswar-R17,2024-12,108,5,2.02,False,124.21,0.594,4271.0,1389.0,5933673.0,530821.0,0.0,8736576.0,459130.0,428174.0,6464494.0,9623880.0,-3159385.0,-0.4887
17,Jamshedpur-Bhubaneswar-R17,2025-01,108,5,2.02,False,121.94,0.696,4161.0,1627.0,6768191.0,672138.0,0.0,8577381.0,423273.0,536079.0,7440329.0,9536733.0,-2096403.0,-0.2818
17,Jamshedpur-Bhubaneswar-R17,2025-02,108,5,2.02,False,114.78,0.58,4121.0,1356.0,5587100.0,273261.0,0.0,8073894.0,328967.0,626079.0,5860361.0,9028940.0,-3168579.0,-0.5407
17,Jamshedpur-Bhubaneswar-R17,2025-03,108,5,2.02,False,113.11,0.774,3990.0,1809.0,7217870.0,393996.0,0.0,7956156.0,348265.0,685446.0,7611866.0,8989866.0,-1378000.0,-0.181
18,Nashik-Pune-R18,2024-04,138,5,1.52,False,91.03,0.713,2976.0,2130.0,6337177.0,483034.0,0.0,5774409.0,514677.0,666263.0,6820211.0,6955349.0,-135139.0,-0.0198
18,Nashik-Pune-R18,2024-05,138,5,1.52,False,93.96,0.724,3129.0,2165.0,6773136.0,805499.0,0.0,5960098.0,524130.0,651620.0,7578636.0,7135848.0,442788.0,0.0584
18,Nashik-Pune-R18,2024-06,138,5,1.52,False,95.78,0.807,2921.0,2411.0,7043168.0,564781.0,0.0,6076030.0,489568.0,676340.0,7607949.0,7241938.0,366010.0,0.0481
18,Nashik-Pune-R18,2024-07,138,5,1.52,False,92.08,0.712,3019.0,2127.0,6421743.0,476212.0,0.0,5841399.0,467076.0,587682.0,6897955.0,6896157.0,1798.0,0.0003
18,Nashik-Pune-R18,2024-08,138,5,1.52,False,89.27,0.774,3191.0,2314.0,7384521.0,817393.0,0.0,5662612.0,437908.0,673605.0,8201914.0,6774125.0,1427788.0,0.1741
18,Nashik-Pune-R18,2024-09,138,5,1.52,False,89.21,0.673,2801.0,2010.0,5632102.0,612567.0,0.0,5659273.0,503080.0,522054.0,6244670.0,6684407.0,-439738.0,-0.0704
18,Nashik-Pune-R18,2024-10,138,5,1.52,False,119.46,0.752,3126.0,2247.0,7026766.0,440596.0,0.0,7578114.0,519361.0,458797.0,7467362.0,8556272.0,-1088910.0,-0.1458
18,Nashik-Pune-R18,2024-11,138,5,1.52,False,118.82,0.825,3479.0,2463.0,8570896.0,973627.0,0.0,7537135.0,496813.0,407986.0,9544523.0,8441934.0,1102589.0,0.1155
18,Nashik-Pune-R18,2024-12,138,5,1.52,False,120.35,0.661,3471.0,1976.0,6858109.0,658123.0,0.0,7634292.0,569926.0,580976.0,7516232.0,8785194.0,-1268962.0,-0.1688
18,Nashik-Pune-R18,2025-01,138,5,1.52,False,114.75,0.743,3117.0,2219.0,6916756.0,597006.0,0.0,7279205.0,487118.0,635854.0,7513762.0,8402177.0,-888415.0,-0.1182
18,Nashik-Pune-R18,2025-02,138,5,1.52,False,112.15,0.603,3003.0,1803.0,5413941.0,646908.0,0.0,7114015.0,430664.0,449891.0,6060849.0,7994569.0,-1933720.0,-0.3191
18,Nashik-Pune-R18,2025-03,138,5,1.52,False,111.01,0.674,3208.0,2012.0,6454960.0,415705.0,0.0,7041697.0,589098.0,436506.0,6870664.0,8067301.0,-1196636.0,-0.1742
19,Kanpur-Lucknow-R19,2024-04,90,3,1.21,False,94.33,0.676,5155.0,791.0,4076460.0,233146.0,0.0,2647070.0,169744.0,283546.0,4309606.0,3100359.0,1209247.0,0.2806
19,Kanpur-Lucknow-R19,2024-05,90,3,1.21,False,90.15,0.724,4784.0,846.0,4047515.0,295431.0,0.0,2529727.0,163919.0,321317.0,4342946.0,3014964.0,1327983.0,0.3058
19,Kanpur-Lucknow-R19,2024-06,90,3,1.21,False,92.97,0.656,5114.0,767.0,3921857.0,220550.0,0.0,2608783.0,220334.0,277603.0,4142407.0,3106720.0,1035687.0,0.25
19,Kanpur-Lucknow-R19,2024-07,90,3,1.21,False,95.98,0.745,4886.0,871.0,4254292.0,238672.0,0.0,2693163.0,176771.0,370539.0,4492964.0,3240473.0,1252491.0,0.2788
19,Kanpur-Lucknow-R19,2024-08,90,3,1.21,False,97.99,0.733,4955.0,857.0,4245617.0,244483.0,0.0,2749765.0,181433.0,300976.0,4490100.0,3232174.0,1257926.0,0.2802
19,Kanpur-Lucknow-R19,2024-09,90,3,1.21,False,86.95,0.738,4761.0,862.0,4106042.0,258277.0,0.0,2439985.0,206989.0,391524.0,4364318.0,3038498.0,1325820.0,0.3038
19,Kanpur-Lucknow-R19,2024-10,90,3,1.21,False,115.01,0.671,5185.0,784.0,4067122.0,290191.0,0.0,3227396.0,193306.0,248579.0,4357314.0,3669281.0,688033.0,0.1579
19,Kanpur-Lucknow-R19,2024-11,90,3,1.21,False,102.39,0.722,5075.0,844.0,4284047.0,267050.0,0.0,2873122.0,200162.0,385966.0,4551097.0,3459251.0,1091846.0,0.2399
19,Kanpur-Lucknow-R19,2024-12,90,3,1.21,False,107.28,0.73,4521.0,853.0,3858479.0,357363.0,0.0,3010412.0,224269.0,395657.0,4215842.0,3630338.0,585504.0,0.1389
19,Kanpur-Lucknow-R19,2025-01,90,3,1.21,False,113.9,0.679,5591.0,793.0,4436440.0,321604.0,0.0,3196089.0,184566.0,335116.0,4758044.0,3715771.0,1042273.0,0.2191
19,Kanpur-Lucknow-R19,2025-02,90,3,1.21,False,114.11,0.591,5045.0,691.0,3485419.0,281774.0,0.0,3201982.0,188943.0,385513.0,3767194.0,3776438.0,-9244.0,-0.0025
19,Kanpur-Lucknow-R19,2025-03,90,3,1.21,False,116.4,0.731,5446.0,855.0,4656077.0,208208.0,0.0,3266390.0,227303.0,259290.0,4864285.0,3752983.0,1111302.0,0.2285
20,Coimbatore-Chennai-R20,2024-04,90,10,1.94,True,92.49,0.769,5222.0,2996.0,15645272.0,721209.0,3091179.0,13070138.0,722243.0,1008736.0,19457661.0,14801118.0,4656543.0,0.2393
20,Coimbatore-Chennai-R20,2024-05,90,10,1.94,True,87.64,0.649,5681.0,2530.0,14372821.0,802261.0,3153509.0,12385164.0,538560.0,905488.0,18328591.0,13829212.0,4499379.0,0.2455
20,Coimbatore-Chennai-R20,2024-06,90,10,1.94,True,91.54,0.758,5473.0,2954.0,16166707.0,811918.0,3147780.0,12936554.0,621958.0,893873.0,20126405.0,14452385.0,5674020.0,0.2819
20,Coimbatore-Chennai-R20,2024-07,90,10,1.94,True,89.05,0.698,5279.0,2719.0,14352764.0,1051733.0,2644141.0,12583833.0,701839.0,1375287.0,18048639.0,14660959.0,3387680.0,0.1877
20,Coimbatore-Chennai-R20,2024-08,90,10,1.94,True,93.36,0.744,5740.0,2900.0,16647808.0,693212.0,3212719.0,13193289.0,717915.0,838679.0,20553739.0,14749883.0,5803856.0,0.2824
20,Coimbatore-Chennai-R20,2024-09,90,10,1.94,True,95.79,0.64,5584.0,2493.0,13919490.0,726225.0,2073210.0,13537545.0,728309.0,1329590.0,16718925.0,15595444.0,1123481.0,0.0672
20,Coimbatore-Chennai-R20,2024-10,90,10,1.94,True,121.24,0.71,6000.0,2766.0,16597346.0,587591.0,3558136.0,17133725.0,629600.0,915607.0,20743073.0,18678931.0,2064142.0,0.0995
20,Coimbatore-Chennai-R20,2024-11,90,10,1.94,True,122.0,0.679,6186.0,2648.0,16378413.0,882755.0,3247684.0,17240327.0,581722.0,1335525.0,20508853.0,19157574.0,1351279.0,0.0659
20,Coimbatore-Chennai-R20,2024-12,90,10,1.94,True,114.05,0.82,6125.0,3197.0,19584026.0,1241096.0,2948963.0,16118070.0,683930.0,1240092.0,23774085.0,18042092.0,5731993.0,0.2411
20,Coimbatore-Chennai-R20,2025-01,90,10,1.94,True,111.3,0.79,5482.0,3079.0,16878335.0,880239.0,3505087.0,15728578.0,661018.0,1230880.0,21263661.0,17620476.0,3643186.0,0.1713
20,Coimbatore-Chennai-R20,2025-02,90,10,1.94,True,113.4,0.764,5564.0,2977.0,16563748.0,895134.0,2824578.0,16025044.0,674843.0,1018911.0,20283459.0,17718799.0,2564660.0,0.1264
20,Coimbatore-Chennai-R20,2025-03,90,10,1.94,True,118.62,0.801,6174.0,3123.0,19280569.0,1070276.0,3322216.0,16763824.0,576109.0,1261470.0,23673062.0,18601403.0,5071659.0,0.2142
21,Indore-Bhopal-R21,2024-04,90,14,1.81,False,91.69,0.833,3674.0,4544.0,16694794.0,920248.0,0.0,19329033.0,885062.0,1834212.0,17615041.0,22048308.0,-4433266.0,-0.2517
21,Indore-Bhopal-R21,2024-05,90,14,1.81,False,92.85,0.683,3452.0,3727.0,12864334.0,1547325.0,0.0,19572270.0,1050310.0,1346885.0,14411659.0,21969465.0,-7557806.0,-0.5244
21,Indore-Bhopal-R21,2024-06,90,14,1.81,False,91.32,0.628,3639.0,3427.0,12469210.0,1158370.0,0.0,19250135.0,1031394.0,1111911.0,13627580.0,21393440.0,-7765860.0,-0.5699
21,Indore-Bhopal-R21,2024-07,90,14,1.81,False,87.5,0.663,3374.0,3620.0,12213684.0,1082119.0,0.0,18444917.0,759794.0,1386735.0,13295803.0,20591445.0,-7295642.0,-0.5487
21,Indore-Bhopal-R21,2024-08,90,14,1.81,False,90.39,0.74,3443.0,4037.0,13897554.0,1642241.0,0.0,19053520.0,758275.0,1727420.0,15539794.0,21539216.0,-5999421.0,-0.3861
21,Indore-Bhopal-R21,2024-09,90,14,1.81,False,91.53,0.642,3375.0,3503.0,11823484.0,812090.0,0.0,19295776.0,926770.0,1752511.0,12635574.0,21975057.0,-9339483.0,-0.7391
21,Indore-Bhopal-R21,2024-10,90,14,1.81,False,106.96,0.697,3272.0,3804.0,12445656.0,1332896.0,0.0,22548333.0,963340.0,1722573.0,13778551.0,25234247.0,-11455696.0,-0.8314
21,Indore-Bhopal-R21,2024-11,90,14,1.81,False,122.09,0.658,3723.0,3589.0,13361681.0,819566.0,0.0,25737903.0,1051899.0,1780078.0,14181247.0,28569880.0,-14388633.0,-1.0146
21,Indore-Bhopal-R21,2024-12,90,14,1.81,False,115.63,0.678,3489.0,3700.0,12911115.0,1467839.0,0.0,24374947.0,1063767.0,1373060.0,14378954.0,26811775.0,-12432820.0,-0.8647
21,Indore-Bhopal-R21,2025-01,90,14,1.81,False,107.03,0.748,3225.0,4080.0,13158465.0,804233.0,0.0,22563292.0,1087591.0,1154011.0,13962698.0,24804894.0,-10842196.0,-0.7765
21,Indore-Bhopal-R21,2025-02,90,14,1.81,False,107.69,0.653,3480.0,3564.0,12402911.0,1181166.0,0.0,22701350.0,1049835.0,1633015.0,13584077.0,25384200.0,-11800123.0,-0.8687
21,Indore-Bhopal-R21,2025-03,90,14,1.81,False,111.92,0.654,3844.0,3568.0,13714187.0,1042742.0,0.0,23593117.0,799954.0,1767194.0,14756930.0,26160266.0,-11403336.0,-0.7727
22,Rajkot-Ahmedabad-R22,2024-04,138,5,1.01,False,94.01,0.679,3291.0,2027.0,6671491.0,737108.0,0.0,3466454.0,464566.0,455358.0,7408599.0,4386378.0,3022221.0,0.4079
22,Rajkot-Ahmedabad-R22,2024-05,138,5,1.01,False,89.68,0.688,3278.0,2055.0,6735709.0,650490.0,0.0,3306533.0,461141.0,557704.0,7386199.0,4325378.0,3060821.0,0.4144
22,Rajkot-Ahmedabad-R22,2024-06,138,5,1.01,False,97.13,0.861,3214.0,2573.0,8268504.0,546466.0,0.0,3581352.0,538679.0,594217.0,8814970.0,4714248.0,4100722.0,0.4652
22,Rajkot-Ahmedabad-R22,2024-07,138,5,1.01,False,90.11,0.662,3210.0,1977.0,6345787.0,549821.0,0.0,3322509.0,422128.0,457100.0,6895608.0,4201737.0,2693871.0,0.3907
22,Rajkot-Ahmedabad-R22,2024-08,138,5,1.01,False,89.25,0.894,3312.0,2670.0,8842801.0,967781.0,0.0,3290688.0,496236.0,541006.0,9810582.0,4327930.0,5482653.0,0.5589
22,Rajkot-Ahmedabad-R22,2024-09,138,5,1.01,False,95.36,0.743,3161.0,2219.0,7014185.0,681056.0,0.0,3516040.0,521097.0,613241.0,7695241.0,4650378.0,3044864.0,0.3957
22,Rajkot-Ahmedabad-R22,2024-10,138,5,1.01,False,109.9,0.539,3222.0,1610.0,5187014.0,480439.0,0.0,4052357.0,495422.0,681343.0,5667453.0,5229122.0,438331.0,0.0773
22,Rajkot-Ahmedabad-R22,2024-11,138,5,1.01,False,116.1,0.746,3294.0,2229.0,7341529.0,401455.0,0.0,4280711.0,488436.0,622857.0,7742984.0,5392004.0,2350980.0,0.3036
22,Rajkot-Ahmedabad-R22,2024-12,138,5,1.01,False,118.38,0.665,3565.0,1988.0,7087770.0,806806.0,0.0,4364867.0,437619.0,579634.0,7894576.0,5382120.0,2512456.0,0.3183
22,Rajkot-Ahmedabad-R22,2025-01,138,5,1.01,False,112.45,0.66,3609.0,1973.0,7120342.0,464404.0,0.0,4146195.0,579446.0,541314.0,7584747.0,5266955.0,2317792.0,0.3056
22,Rajkot-Ahmedabad-R22,2025-02,138,5,1.01,False,122.57,0.568,3238.0,1697.0,5492520.0,422183.0,0.0,4519447.0,453573.0,469376.0,5914703.0,5442396.0,472307.0,0.0799
22,Rajkot-Ahmedabad-R22,2025-03,138,5,1.01,False,119.13,0.741,3679.0,2214.0,8144367.0,737994.0,0.0,4392414.0,570645.0,672472.0,8882361.0,5635531.0,3246829.0,0.3655
23,Guwahati-Dibrugarh-R23,2024-04,90,5,1.54,True,96.68,0.672,3740.0,1310.0,4900907.0,486920.0,720007.0,6096829.0,304629.0,555581.0,6107834.0,6957040.0,-849206.0,-0.139
23,Guwahati-Dibrugarh-R23,2024-05,90,5,1.54,True,93.74,0.73,3825.0,1423.0,5442557.0,395576.0,1060849.0,5911391.0,306220.0,489928.0,6898981.0,6707539.0,191442.0,0.0277
23,Guwahati-Dibrugarh-R23,2024-06,90,5,1.54,True,92.03,0.778,3500.0,1515.0,5304066.0,435089.0,757351.0,5803991.0,359555.0,557612.0,6496506.0,6721158.0,-224652.0,-0.0346
23,Guwahati-Dibrugarh-R23,2024-07,90,5,1.54,True,90.85,0.765,3662.0,1490.0,5456255.0,502735.0,804815.0,5729158.0,272575.0,406351.0,6763804.0,6408084.0,355720.0,0.0526
23,Guwahati-Dibrugarh-R23,2024-08,90,5,1.54,True,89.92,0.715,3981.0,1393.0,5544972.0,302681.0,1001736.0,5671004.0,320141.0,523928.0,6849388.0,6515073.0,334315.0,0.0488
23,Guwahati-Dibrugarh-R23,2024-09,90,5,1.54,True,96.24,0.786,3838.0,1532.0,5881541.0,279882.0,810832.0,6069150.0,377663.0,556252.0,6972254.0,7003064.0,-30810.0,-0.0044
23,Guwahati-Dibrugarh-R23,2024-10,90,5,1.54,True,113.38,0.691,3887.0,1347.0,5235388.0,436237.0,1127257.0,7150503.0,326326.0,480712.0,6798881.0,7957542.0,-1158660.0,-0.1704
23,Guwahati-Dibrugarh-R23,2024-11,90,5,1.54,True,119.86,0.627,4156.0,1223.0,5080526.0,323404.0,971097.0,7558937.0,266749.0,522815.0,6375027.0,8348501.0,-1973474.0,-0.3096
23,Guwahati-Dibrugarh-R23,2024-12,90,5,1.54,True,114.85,0.737,3697.0,1436.0,5309280.0,503763.0,691692.0,7242877.0,323941.0,572592.0,6504735.0,8139410.0,-1634675.0,-0.2513
23,Guwahati-Dibrugarh-R23,2025-01,90,5,1.54,True,111.38,0.69,3699.0,1345.0,4974342.0,375624.0,684801.0,7023814.0,367706.0,670276.0,6034767.0,8061796.0,-2027028.0,-0.3359
23,Guwahati-Dibrugarh-R23,2025-02,90,5,1.54,True,113.33,0.717,4134.0,1397.0,5777735.0,570811.0,700291.0,7147241.0,360016.0,683768.0,7048838.0,8191025.0,-1142187.0,-0.162
23,Guwahati-Dibrugarh-R23,2025-03,90,5,1.54,True,119.55,0.756,4121.0,1472.0,6067159.0,565276.0,1100478.0,7539559.0,341442.0,516170.0,7732913.0,8397170.0,-664257.0,-0.0859
24,Varanasi-Delhi-R24,2024-04,108,7,1.02,True,86.24,0.793,4814.0,2595.0,12492181.0,661551.0,2710127.0,4956016.0,598535.0,702157.0,15863859.0,6256708.0,9607151.0,0.6056
24,Varanasi-Delhi-R24,2024-05,108,7,1.02,True,94.2,0.622,4730.0,2036.0,9628049.0,826900.0,1862206.0,5413586.0,489553.0,910326.0,12317155.0,6813466.0,5503689.0,0.4468
24,Varanasi-Delhi-R24,2024-06,108,7,1.02,True,91.9,0.655,4664.0,2145.0,10004004.0,704606.0,2127522.0,5281566.0,498529.0,839616.0,12836132.0,6619712.0,6216421.0,0.4843
24,Varanasi-Delhi-R24,2024-07,108,7,1.02,True,85.46,0.702,4392.0,2299.0,10096062.0,785712.0,1554527.0,4911385.0,459251.0,747271.0,12436301.0,6117907.0,6318394.0,0.5081
24,Varanasi-Delhi-R24,2024-08,108,7,1.02,True,92.17,0.74,4398.0,2421.0,10650717.0,927344.0,1832000.0,5297033.0,621601.0,735001.0,13410061.0,6653635.0,6756426.0,0.5038
24,Varanasi-Delhi-R24,2024-09,108,7,1.02,True,88.39,0.708,4686.0,2317.0,10857040.0,909254.0,1834042.0,5079947.0,474064.0,610373.0,13600336.0,6164384.0,7435952.0,0.5467
24,Varanasi-Delhi-R24,2024-10,108,7,1.02,True,120.14,0.739,5094.0,2420.0,12328379.0,691805.0,1990236.0,6904291.0,554081.0,664241.0,15010420.0,8122612.0,6887808.0,0.4589
24,Varanasi-Delhi-R24,2024-11,108,7,1.02,True,114.12,0.645,5314.0,2110.0,11212210.0,434832.0,1360913.0,6558642.0,496509.0,739311.0,13007955.0,7794462.0,5213493.0,0.4008
24,Varanasi-Delhi-R24,2024-12,108,7,1.02,True,112.68,0.727,5052.0,2379.0,12021427.0,767213.0,1468816.0,6475767.0,552662.0,691906.0,14257456.0,7720334.0,6537122.0,0.4585
24,Varanasi-Delhi-R24,2025-01,108,7,1.02,True,110.68,0.748,5256.0,2450.0,12878160.0,454097.0,2319837.0,6360890.0,605000.0,666435.0,15652094.0,7632325.0,8019769.0,0.5124
24,Varanasi-Delhi-R24,2025-02,108,7,1.02,True,119.88,0.693,5683.0,2269.0,12895531.0,431483.0,2121235.0,6889487.0,559365.0,607849.0,15448249.0,8056701.0,7391547.0,0.4785
24,Varanasi-Delhi-R24,2025-03,108,7,1.02,True,116.88,0.719,4833.0,2355.0,11379721.0,900081.0,1734157.0,6717073.0,545226.0,960604.0,14013959.0,8222903.0,5791057.0,0.4132
25,Madurai-Bengaluru-R25,2024-04,90,7,0.98,False,91.92,0.685,3249.0,1870.0,6074049.0,753892.0,0.0,4417820.0,458321.0,957671.0,6827941.0,5833812.0,994129.0,0.1456
25,Madurai-Bengaluru-R25,2024-05,90,7,0.98,False,92.39,0.721,2946.0,1966.0,5793576.0,565471.0,0.0,4440604.0,419227.0,908592.0,6359047.0,5768424.0,590623.0,0.0929
25,Madurai-Bengaluru-R25,2024-06,90,7,0.98,False,92.62,0.696,3363.0,1899.0,6388732.0,426919.0,0.0,4451487.0,423070.0,558764.0,6815651.0,5433322.0,1382329.0,0.2028
25,Madurai-Bengaluru-R25,2024-07,90,7,0.98,False,92.34,0.769,3084.0,2098.0,6471038.0,469012.0,0.0,4438271.0,488554.0,657383.0,6940051.0,5584207.0,1355843.0,0.1954
25,Madurai-Bengaluru-R25,2024-08,90,7,0.98,False,94.77,0.765,3459.0,2086.0,7215507.0,608963.0,0.0,4554906.0,433574.0,907382.0,7824470.0,5895862.0,1928608.0,0.2465
25,Madurai-Bengaluru-R25,2024-09,90,7,0.98,False,93.98,0.755,3173.0,2059.0,6534032.0,540003.0,0.0,4517099.0,377051.0,755459.0,7074035.0,5649608.0,1424427.0,0.2014
25,Madurai-Bengaluru-R25,2024-10,90,7,0.98,False,118.96,0.707,3444.0,1929.0,6641856.0,780805.0,0.0,5717509.0,476580.0,847014.0,7422661.0,7041103.0,381558.0,0.0514
25,Madurai-Bengaluru-R25,2024-11,90,7,0.98,False,114.72,0.788,3392.0,2151.0,7294517.0,655048.0,0.0,5514022.0,463728.0,621075.0,7949565.0,6598825.0,1350740.0,0.1699
25,Madurai-Bengaluru-R25,2024-12,90,7,0.98,False,117.49,0.717,3314.0,1955.0,6479524.0,370551.0,0.0,5646917.0,389198.0,647527.0,6850075.0,6683642.0,166433.0,0.0243
25,Madurai-Bengaluru-R25,2025-01,90,7,0.98,False,112.76,0.608,3341.0,1658.0,5539002.0,451735.0,0.0,5419740.0,429665.0,684731.0,5990736.0,6534136.0,-543400.0,-0.0907
25,Madurai-Bengaluru-R25,2025-02,90,7,0.98,False,111.04,0.616,3373.0,1680.0,5665645.0,701805.0,0.0,5337101.0,533046.0,759540.0,6367450.0,6629687.0,-262237.0,-0.0412
25,Madurai-Bengaluru-R25,2025-03,90,7,0.98,False,114.5,0.713,3379.0,1945.0,6572715.0,744276.0,0.0,5503324.0,527255.0,729892.0,7316991.0,6760471.0,556520.0,0.0761
26,Raipur-Nagpur-R26,2024-04,78,10,1.93,False,96.63,0.74,2322.0,2501.0,5806256.0,843949.0,0.0,13792318.0,465782.0,1246287.0,6650205.0,15504387.0,-8854183.0,-1.3314
26,Raipur-Nagpur-R26,2024-05,78,10,1.93,False,90.46,0.809,2407.0,2732.0,6576142.0,556041.0,0.0,12912134.0,518270.0,1030474.0,7132183.0,14460878.0,-7328695.0,-1.0276
26,Raipur-Nagpur-R26,2024-06,78,10,1.93,False,93.49,0.78,2565.0,2633.0,6753935.0,722192.0,0.0,13343930.0,550659.0,1312499.0,7476127.0,15207089.0,-7730962.0,-1.0341
26,Raipur-Nagpur-R26,2024-07,78,10,1.93,False,92.32,0.738,2638.0,2492.0,6573754.0,644668.0,0.0,13177443.0,567466.0,1032636.0,7218422.0,14777546.0,-7559124.0,-1.0472
26,Raipur-Nagpur-R26,2024-08,78,10,1.93,False,92.2,0.723,2564.0,2443.0,6264082.0,646067.0,0.0,13160374.0,581205.0,1030008.0,6910149.0,14771587.0,-7861438.0,-1.1377
26,Raipur-Nagpur-R26,2024-09,78,10,1.93,False,95.21,0.731,2836.0,2468.0,7001809.0,909221.0,0.0,13588911.0,668444.0,1287478.0,7911031.0,15544833.0,-7633802.0,-0.965
26,Raipur-Nagpur-R26,2024-10,78,10,1.93,False,111.4,0.736,2735.0,2485.0,6796417.0,795700.0,0.0,15900206.0,515561.0,1342923.0,7592117.0,17758690.0,-10166573.0,-1.3391
26,Raipur-Nagpur-R26,2024-11,78,10,1.93,False,111.44,0.642,2599.0,2168.0,5632949.0,701226.0,0.0,15905869.0,635509.0,820335.0,6334175.0,17361713.0,-11027538.0,-1.741
26,Raipur-Nagpur-R26,2024-12,78,10,1.93,False,115.91,0.729,2578.0,2462.0,6346482.0,996744.0,0.0,16544089.0,652624.0,892138.0,7343226.0,18088851.0,-10745624.0,-1.4633
26,Raipur-Nagpur-R26,2025-01,78,10,1.93,False,110.89,0.726,2592.0,2451.0,6352206.0,533075.0,0.0,15827632.0,480975.0,1385458.0,6885281.0,17694064.0,-10808783.0,-1.5698
26,Raipur-Nagpur-R26,2025-02,78,10,1.93,False,119.17,0.723,2773.0,2442.0,6772401.0,490970.0,0.0,17008908.0,483117.0,1342943.0,7263371.0,18834968.0,-11571597.0,-1.5931
26,Raipur-Nagpur-R26,2025-03,78,10,1.93,False,120.66,0.634,2547.0,2141.0,5453319.0,599250.0,0.0,17221910.0,499624.0,1323995.0,6052569.0,19045528.0,-12992960.0,-2.1467
27,Jodhpur-Jaipur-R27,2024-04,138,5,1.79,True,98.36,0.739,4129.0,2208.0,9118146.0,900829.0,1776684.0,6188681.0,573775.0,431064.0,11795659.0,7193520.0,4602139.0,0.3902
27,Jodhpur-Jaipur-R27,2024-05,138,5,1.79,True,90.59,0.846,4678.0,2527.0,11820326.0,634796.0,1490107.0,5699901.0,476323.0,466854.0,13945229.0,6643078.0,7302151.0,0.5236
27,Jodhpur-Jaipur-R27,2024-06,138,5,1.79,True,92.52,0.614,4512.0,1833.0,8272618.0,605853.0,1313819.0,5820971.0,471810.0,551527.0,10192291.0,6844308.0,3347982.0,0.3285
27,Jodhpur-Jaipur-R27,2024-07,138,5,1.79,True,91.47,0.73,4691.0,2182.0,10237718.0,898889.0,1762915.0,5754934.0,580215.0,630262.0,12899522.0,6965412.0,5934110.0,0.46
27,Jodhpur-Jaipur-R27,2024-08,138,5,1.79,True,93.83,0.699,4733.0,2088.0,9884465.0,870404.0,1639216.0,5903613.0,423295.0,560045.0,12394086.0,6886952.0,5507133.0,0.4443
27,Jodhpur-Jaipur-R27,2024-09,138,5,1.79,True,92.04,0.726,4531.0,2168.0,9823899.0,766693.0,2032920.0,5790940.0,526273.0,575330.0,12623512.0,6892543.0,5730969.0,0.454
27,Jodhpur-Jaipur-R27,2024-10,138,5,1.79,True,117.29,0.659,4883.0,1969.0,9614763.0,617239.0,1361709.0,7379169.0,570717.0,586229.0,11593711.0,8536115.0,3057596.0,0.2637
27,Jodhpur-Jaipur-R27,2024-11,138,5,1.79,True,111.51,0.648,5209.0,1935.0,10080710.0,443294.0,1304023.0,7016005.0,576034.0,621332.0,11828027.0,8213371.0,3614656.0,0.3056
27,Jodhpur-Jaipur-R27,2024-12,138,5,1.79,True,110.59,0.799,4632.0,2386.0,11054391.0,779240.0,1666591.0,6957686.0,462925.0,401680.0,13500223.0,7822291.0,5677932.0,0.4206
27,Jodhpur-Jaipur-R27,2025-01,138,5,1.79,True,117.05,0.722,5108.0,2156.0,11014149.0,879178.0,2154922.0,7364335.0,496060.0,537020.0,14048248.0,8397415.0,5650833.0,0.4022
27,Jodhpur-Jaipur-R27,2025-02,138,5,1.79,True,111.43,0.745,4886.0,2226.0,10874639.0,720115.0,2281630.0,7010946.0,596581.0,413567.0,13876384.0,8021094.0,5855290.0,0.422
27,Jodhpur-Jaipur-R27,2025-03,138,5,1.79,True,113.64,0.754,5017.0,2252.0,11297082.0,499627.0,2218833.0,7149678.0,500794.0,668323.0,14015542.0,8318795.0,5696747.0,0.4065
28,Amritsar-Chandigarh-R28,2024-04,138,3,0.89,True,82.81,0.648,3443.0,1162.0,4000820.0,369195.0,679339.0,1666902.0,310174.0,302333.0,5049353.0,2279409.0,2769945.0,0.5486
28,Amritsar-Chandigarh-R28,2024-05,138,3,0.89,True,95.31,0.742,3218.0,1329.0,4278072.0,459378.0,884806.0,1918645.0,285874.0,337070.0,5622256.0,2541589.0,3080667.0,0.5479
28,Amritsar-Chandigarh-R28,2024-06,138,3,0.89,True,87.26,0.752,3325.0,1348.0,4481574.0,478014.0,666885.0,1756485.0,326688.0,245895.0,5626473.0,2329069.0,3297405.0,0.5861
28,Amritsar-Chandigarh-R28,2024-07,138,3,0.89,True,99.72,0.68,3066.0,1219.0,3737418.0,226367.0,469528.0,2007270.0,341656.0,276503.0,4433312.0,2625430.0,1807882.0,0.4078
28,Amritsar-Chandigarh-R28,2024-08,138,3,0.89,True,90.7,0.747,3068.0,1339.0,4109538.0,398244.0,698893.0,1825669.0,357267.0,261123.0,5206676.0,2444058.0,2762618.0,0.5306
28,Amritsar-Chandigarh-R28,2024-09,138,3,0.89,True,94.48,0.742,3361.0,1330.0,4469233.0,522194.0,833608.0,1901825.0,322248.0,281707.0,5825035.0,2505780.0,3319255.0,0.5698
28,Amritsar-Chandigarh-R28,2024-10,138,3,0.89,True,121.42,0.709,3405.0,1271.0,4325660.0,328385.0,651220.0,2444223.0,272192.0,300207.0,5305264.0,3016623.0,2288641.0,0.4314
28,Amritsar-Chandigarh-R28,2024-11,138,3,0.89,True,104.11,0.813,3172.0,1458.0,4624693.0,505149.0,946983.0,2095663.0,270658.0,261208.0,6076826.0,2627529.0,3449297.0,0.5676
28,Amritsar-Chandigarh-R28,2024-12,138,3,0.89,True,107.21,0.73,3581.0,1309.0,4686811.0,249673.0,913024.0,2158135.0,251566.0,341505.0,5849507.0,2751206.0,3098302.0,0.5297
28,Amritsar-Chandigarh-R28,2025-01,138,3,0.89,True,113.53,0.714,3470.0,1279.0,4439291.0,534645.0,647079.0,2285211.0,265121.0,256357.0,5621015.0,2806689.0,2814326.0,0.5007
28,Amritsar-Chandigarh-R28,2025-02,138,3,0.89,True,118.69,0.762,3328.0,1367.0,4548236.0,538691.0,912273.0,2389137.0,271779.0,334912.0,5999199.0,2995828.0,3003371.0,0.5006
28,Amritsar-Chandigarh-R28,2025-03,138,3,0.89,True,116.57,0.819,3596.0,1469.0,5281794.0,607880.0,854020.0,2346416.0,305218.0,322407.0,6743693.0,2974041.0,3769652.0,0.559
29,Vizag-Hyderabad-R29,2024-04,90,3,1.13,True,88.7,0.711,5521.0,831.0,4587572.0,168887.0,963518.0,2323593.0,213205.0,246299.0,5719976.0,2783097.0,2936879.0,0.5134
29,Vizag-Hyderabad-R29,2024-05,90,3,1.13,True,89.9,0.728,5529.0,851.0,4703061.0,322175.0,902212.0,2355158.0,202718.0,292463.0,5927448.0,2850340.0,3077108.0,0.5191
29,Vizag-Hyderabad-R29,2024-06,90,3,1.13,True,94.05,0.688,5107.0,805.0,4108337.0,273089.0,672587.0,2463853.0,215491.0,415256.0,5054013.0,3094599.0,1959414.0,0.3877
29,Vizag-Hyderabad-R29,2024-07,90,3,1.13,True,94.12,0.625,5639.0,731.0,4123032.0,216081.0,730424.0,2465576.0,162352.0,307342.0,5069536.0,2935270.0,2134267.0,0.421
29,Vizag-Hyderabad-R29,2024-08,90,3,1.13,True,90.07,0.76,5429.0,889.0,4826159.0,313647.0,888760.0,2359466.0,218055.0,347439.0,6028567.0,2924960.0,3103606.0,0.5148
29,Vizag-Hyderabad-R29,2024-09,90,3,1.13,True,93.73,0.673,5096.0,787.0,4009668.0,193218.0,692630.0,2455361.0,224274.0,357312.0,4895516.0,3036947.0,1858569.0,0.3796
29,Vizag-Hyderabad-R29,2024-10,90,3,1.13,True,114.62,0.623,5462.0,728.0,3977351.0,275669.0,713321.0,3002606.0,203108.0,295396.0,4966341.0,3501111.0,1465230.0,0.295
29,Vizag-Hyderabad-R29,2024-11,90,3,1.13,True,108.15,0.613,5475.0,717.0,3926031.0,192437.0,490903.0,2833105.0,169411.0,268924.0,4609371.0,3271440.0,1337931.0,0.2903
29,Vizag-Hyderabad-R29,2024-12,90,3,1.13,True,112.33,0.724,6423.0,846.0,5436306.0,173837.0,836270.0,2942559.0,219971.0,303535.0,6446413.0,3466065.0,2980348.0,0.4623
29,Vizag-Hyderabad-R29,2025-01,90,3,1.13,True,117.06,0.666,5968.0,779.0,4646760.0,149675.0,986648.0,3066511.0,225077.0,328777.0,5783082.0,3620364.0,2162718.0,0.374
29,Vizag-Hyderabad-R29,2025-02,90,3,1.13,True,118.91,0.774,6653.0,905.0,6021226.0,170272.0,1133806.0,3115001.0,230099.0,384609.0,7325304.0,3729709.0,3595594.0,0.4908
29,Vizag-Hyderabad-R29,2025-03,90,3,1.13,True,111.43,0.757,5643.0,886.0,4997086.0,272556.0,920622.0,2919118.0,193431.0,310159.0,6190264.0,3422708.0,2767556.0,0.4471
30,Patna-Ranchi-R30,2024-04,138,3,0.94,False,88.43,0.683,2620.0,1224.0,3206467.0,268277.0,0.0,1815677.0,308201.0,300761.0,3474744.0,2424640.0,1050105.0,0.3022
30,Patna-Ranchi-R30,2024-05,138,3,0.94,False,92.05,0.697,2666.0,1250.0,3332628.0,499055.0,0.0,1889900.0,347287.0,384598.0,3831683.0,2621785.0,1209899.0,0.3158
30,Patna-Ranchi-R30,2024-06,138,3,0.94,False,92.11,0.603,2754.0,1081.0,2977273.0,373769.0,0.0,1891153.0,245184.0,408059.0,3351042.0,2544396.0,806646.0,0.2407
30,Patna-Ranchi-R30,2024-07,138,3,0.94,False,89.36,0.738,2720.0,1323.0,3598812.0,242083.0,0.0,1834627.0,302026.0,326058.0,3840896.0,2462710.0,1378185.0,0.3588
30,Patna-Ranchi-R30,2024-08,138,3,0.94,False,94.54,0.808,2725.0,1448.0,3944901.0,597643.0,0.0,1941136.0,263212.0,291954.0,4542544.0,2496303.0,2046241.0,0.4505
30,Patna-Ranchi-R30,2024-09,138,3,0.94,False,89.71,0.79,3026.0,1417.0,4287992.0,473969.0,0.0,1841972.0,352762.0,285690.0,4761961.0,2480424.0,2281537.0,0.4791
30,Patna-Ranchi-R30,2024-10,138,3,0.94,False,120.42,0.7,3034.0,1255.0,3807029.0,235183.0,0.0,2472349.0,314464.0,357178.0,4042211.0,3143991.0,898220.0,0.2222
30,Patna-Ranchi-R30,2024-11,138,3,0.94,False,120.63,0.739,2844.0,1325.0,3769372.0,251678.0,0.0,2476690.0,254803.0,352938.0,4021049.0,3084430.0,936619.0,0.2329
30,Patna-Ranchi-R30,2024-12,138,3,0.94,False,123.59,0.65,2890.0,1165.0,3366543.0,440814.0,0.0,2537413.0,306113.0,346558.0,3807357.0,3190084.0,617273.0,0.1621
30,Patna-Ranchi-R30,2025-01,138,3,0.94,False,124.16,0.672,2628.0,1205.0,3167164.0,239083.0,0.0,2549257.0,265713.0,234528.0,3406247.0,3049498.0,356749.0,0.1047
30,Patna-Ranchi-R30,2025-02,138,3,0.94,False,118.36,0.652,3054.0,1170.0,3572502.0,323489.0,0.0,2430144.0,331749.0,396245.0,3895991.0,3158138.0,737853.0,0.1894
30,Patna-Ranchi-R30,2025-03,138,3,0.94,False,121.3,0.633,2654.0,1135.0,3012231.0,315092.0,0.0,2490537.0,351898.0,406708.0,3327322.0,3249144.0,78179.0,0.0235
31,Surat-Mumbai-R31,2024-04,90,7,1.73,False,91.06,0.846,2113.0,2308.0,4877723.0,784534.0,0.0,8403470.0,431807.0,921819.0,5662257.0,9757097.0,-4094840.0,-0.7232
31,Surat-Mumbai-R31,2024-05,90,7,1.73,False,90.7,0.6,2359.0,1636.0,3859922.0,401053.0,0.0,8369769.0,456891.0,629380.0,4260975.0,9456039.0,-5195064.0,-1.2192
31,Surat-Mumbai-R31,2024-06,90,7,1.73,False,96.31,0.814,2355.0,2222.0,5232406.0,867753.0,0.0,8887085.0,538495.0,642472.0,6100159.0,10068051.0,-3967893.0,-0.6505
31,Surat-Mumbai-R31,2024-07,90,7,1.73,False,95.4,0.669,2337.0,1824.0,4261778.0,573510.0,0.0,8803634.0,430295.0,668025.0,4835289.0,9901954.0,-5066665.0,-1.0479
31,Surat-Mumbai-R31,2024-08,90,7,1.73,False,98.82,0.763,2484.0,2082.0,5173152.0,818541.0,0.0,9119074.0,480722.0,766651.0,5991692.0,10366446.0,-4374754.0,-0.7301
31,Surat-Mumbai-R31,2024-09,90,7,1.73,False,89.55,0.667,2460.0,1820.0,4477493.0,687052.0,0.0,8263960.0,405004.0,849672.0,5164545.0,9518636.0,-4354091.0,-0.8431
31,Surat-Mumbai-R31,2024-10,90,7,1.73,False,120.77,0.713,2574.0,1944.0,5004564.0,761223.0,0.0,11144396.0,498128.0,884522.0,5765787.0,12527046.0,-6761259.0,-1.1727
31,Surat-Mumbai-R31,2024-11,90,7,1.73,False,115.84,0.815,2510.0,2222.0,5577321.0,833978.0,0.0,10690045.0,500788.0,737751.0,6411299.0,11928584.0,-5517285.0,-0.8606
31,Surat-Mumbai-R31,2024-12,90,7,1.73,False,123.07,0.57,2580.0,1555.0,4012613.0,364247.0,0.0,11356545.0,517644.0,713853.0,4376860.0,12588042.0,-8211182.0,-1.876
31,Surat-Mumbai-R31,2025-01,90,7,1.73,False,117.9,0.631,2331.0,1722.0,4012915.0,679801.0,0.0,10879678.0,382511.0,789499.0,4692716.0,12051688.0,-7358972.0,-1.5682
31,Surat-Mumbai-R31,2025-02,90,7,1.73,False,117.91,0.649,2404.0,1770.0,4255625.0,519031.0,0.0,10880752.0,472277.0,758167.0,4774657.0,12111197.0,-7336540.0,-1.5366
31,Surat-Mumbai-R31,2025-03,90,7,1.73,False,113.2,0.784,2369.0,2140.0,5068458.0,796332.0,0.0,10445820.0,519915.0,610713.0,5864790.0,11576448.0,-5711658.0,-0.9739
32,Kharagpur-Kolkata-R32,2024-04,78,7,1.2,True,91.87,0.73,4389.0,1727.0,7579660.0,468855.0,1573339.0,6211055.0,470852.0,916814.0,9621855.0,7598721.0,2023134.0,0.2103
32,Kharagpur-Kolkata-R32,2024-05,78,7,1.2,True,94.06,0.797,4541.0,1885.0,8561270.0,517313.0,1772811.0,6359134.0,425532.0,771643.0,10851394.0,7556309.0,3295086.0,0.3037
32,Kharagpur-Kolkata-R32,2024-06,78,7,1.2,True,91.74,0.667,4396.0,1577.0,6930643.0,461002.0,1450226.0,6201832.0,355801.0,617884.0,8841872.0,7175517.0,1666354.0,0.1885
32,Kharagpur-Kolkata-R32,2024-07,78,7,1.2,True,92.87,0.869,4373.0,2053.0,8979567.0,492662.0,1202812.0,6278722.0,451644.0,641650.0,10675041.0,7372015.0,3303025.0,0.3094
32,Kharagpur-Kolkata-R32,2024-08,78,7,1.2,True,91.94,0.69,4679.0,1631.0,7630996.0,511385.0,1306647.0,6215461.0,443571.0,696340.0,9449028.0,7355373.0,2093655.0,0.2216
32,Kharagpur-Kolkata-R32,2024-09,78,7,1.2,True,89.9,0.704,4287.0,1665.0,7137145.0,613179.0,953996.0,6077673.0,380652.0,924475.0,8704320.0,7382801.0,1321519.0,0.1518
32,Kharagpur-Kolkata-R32,2024-10,78,7,1.2,True,106.63,0.766,4949.0,1812.0,8967065.0,444481.0,1488566.0,7208900.0,348441.0,770321.0,10900112.0,8327662.0,2572450.0,0.236
32,Kharagpur-Kolkata-R32,2024-11,78,7,1.2,True,120.49,0.619,5005.0,1462.0,7319913.0,324661.0,1438225.0,8145629.0,375653.0,877737.0,9082798.0,9399019.0,-316221.0,-0.0348
32,Kharagpur-Kolkata-R32,2024-12,78,7,1.2,True,112.02,0.62,4835.0,1465.0,7083251.0,342885.0,1362826.0,7573103.0,448121.0,579860.0,8788962.0,8601084.0,187877.0,0.0214
32,Kharagpur-Kolkata-R32,2025-01,78,7,1.2,True,120.45,0.809,5128.0,1912.0,9806547.0,653686.0,1691721.0,8142823.0,420066.0,935595.0,12151953.0,9498484.0,2653470.0,0.2184
32,Kharagpur-Kolkata-R32,2025-02,78,7,1.2,True,106.7,0.775,4891.0,1833.0,8962676.0,525686.0,1680810.0,7213695.0,448689.0,966101.0,11169172.0,8628485.0,2540687.0,0.2275
32,Kharagpur-Kolkata-R32,2025-03,78,7,1.2,True,110.6,0.722,5067.0,1707.0,8648547.0,616141.0,1344611.0,7477207.0,419429.0,763711.0,10609300.0,8660347.0,1948952.0,0.1837
33,Jamshedpur-Bhubaneswar-R33,2024-04,78,5,0.99,True,95.87,0.621,4536.0,1049.0,4756687.0,361587.0,827268.0,3371827.0,330679.0,506519.0,5945542.0,4209025.0,1736517.0,0.2921
33,Jamshedpur-Bhubaneswar-R33,2024-05,78,5,0.99,True,97.52,0.649,4233.0,1096.0,4640309.0,457362.0,949685.0,3429999.0,292109.0,579673.0,6047355.0,4301781.0,1745574.0,0.2887
33,Jamshedpur-Bhubaneswar-R33,2024-06,78,5,0.99,True,90.79,0.668,4443.0,1129.0,5014649.0,473539.0,848711.0,3193225.0,235836.0,570305.0,6336899.0,3999365.0,2337534.0,0.3689
33,Jamshedpur-Bhubaneswar-R33,2024-07,78,5,0.99,True,89.51,0.618,4725.0,1044.0,4934666.0,371201.0,682863.0,3147987.0,247175.0,403329.0,5988731.0,3798491.0,2190240.0,0.3657
33,Jamshedpur-Bhubaneswar-R33,2024-08,78,5,0.99,True,94.25,0.748,4408.0,1264.0,5571036.0,396991.0,825925.0,3314833.0,293961.0,521429.0,6793953.0,4130223.0,2663730.0,0.3921
33,Jamshedpur-Bhubaneswar-R33,2024-09,78,5,0.99,True,93.92,0.745,4665.0,1258.0,5867700.0,242741.0,1264994.0,3303121.0,335651.0,613714.0,7375435.0,4252485.0,3122950.0,0.4234
33,Jamshedpur-Bhubaneswar-R33,2024-10,78,5,0.99,True,113.78,0.683,4332.0,1154.0,4998831.0,269189.0,825415.0,4001813.0,279422.0,640185.0,6093435.0,4921420.0,1172015.0,0.1923
33,Jamshedpur-Bhubaneswar-R33,2024-11,78,5,0.99,True,117.89,0.715,4664.0,1208.0,5632687.0,325130.0,701643.0,4146411.0,314610.0,520942.0,6659459.0,4981963.0,1677496.0,0.2519
33,Jamshedpur-Bhubaneswar-R33,2024-12,78,5,0.99,True,119.52,0.685,4885.0,1157.0,5653784.0,272912.0,714756.0,4203781.0,312501.0,503808.0,6641453.0,5020090.0,1621364.0,0.2441
33,Jamshedpur-Bhubaneswar-R33,2025-01,78,5,0.99,True,112.43,0.698,5118.0,1179.0,6033366.0,426629.0,1290866.0,3954158.0,300924.0,520543.0,7750860.0,4775625.0,2975235.0,0.3839
33,Jamshedpur-Bhubaneswar-R33,2025-02,78,5,0.99,True,117.85,0.759,4704.0,1281.0,6026772.0,328281.0,786042.0,4144853.0,274217.0,427241.0,7141095.0,4846311.0,2294785.0,0.3213
33,Jamshedpur-Bhubaneswar-R33,2025-03,78,5,0.99,True,111.66,0.674,4792.0,1138.0,5451163.0,374449.0,903658.0,3927042.0,231380.0,465338.0,6729270.0,4623760.0,2105510.0,0.3129
34,Nashik-Pune-R34,2024-04,138,3,1.1,False,92.02,0.693,3804.0,1242.0,4725372.0,387431.0,0.0,2230196.0,281207.0,333552.0,5112804.0,2844954.0,2267849.0,0.4436
34,Nashik-Pune-R34,2024-05,138,3,1.1,False,87.38,0.743,4243.0,1332.0,5651190.0,274343.0,0.0,2117650.0,257903.0,260471.0,5925532.0,2636025.0,3289508.0,0.5551
34,Nashik-Pune-R34,2024-06,138,3,1.1,False,97.53,0.84,3763.0,1507.0,5669453.0,627980.0,0.0,2363609.0,253476.0,411043.0,6297433.0,3028127.0,3269306.0,0.5191
34,Nashik-Pune-R34,2024-07,138,3,1.1,False,94.91,0.665,4206.0,1193.0,5015620.0,324552.0,0.0,2300234.0,350600.0,260959.0,5340172.0,2911793.0,2428379.0,0.4547
34,Nashik-Pune-R34,2024-08,138,3,1.1,False,95.59,0.73,4070.0,1308.0,5322697.0,539186.0,0.0,2316654.0,249922.0,401652.0,5861883.0,2968228.0,2893655.0,0.4936
34,Nashik-Pune-R34,2024-09,138,3,1.1,False,90.01,0.662,3988.0,1187.0,4734685.0,365680.0,0.0,2181352.0,320900.0,316793.0,5100365.0,2819045.0,2281320.0,0.4473
34,Nashik-Pune-R34,2024-10,138,3,1.1,False,115.13,0.767,4404.0,1375.0,6055762.0,481471.0,0.0,2790341.0,358454.0,235181.0,6537234.0,3383976.0,3153258.0,0.4824
34,Nashik-Pune-R34,2024-11,138,3,1.1,False,109.91,0.632,3803.0,1132.0,4306069.0,389672.0,0.0,2663774.0,311062.0,300232.0,4695741.0,3275069.0,1420673.0,0.3025
34,Nashik-Pune-R34,2024-12,138,3,1.1,False,115.05,0.716,4684.0,1283.0,6008061.0,502424.0,0.0,2788347.0,320130.0,319620.0,6510485.0,3428097.0,3082389.0,0.4734
34,Nashik-Pune-R34,2025-01,138,3,1.1,False,110.07,0.571,4376.0,1024.0,4481813.0,426843.0,0.0,2667678.0,268923.0,382013.0,4908656.0,3318615.0,1590041.0,0.3239
34,Nashik-Pune-R34,2025-02,138,3,1.1,False,112.23,0.703,4545.0,1261.0,5730708.0,468523.0,0.0,2719998.0,353649.0,393001.0,6199231.0,3466648.0,2732583.0,0.4408
34,Nashik-Pune-R34,2025-03,138,3,1.1,False,112.36,0.693,4264.0,1243.0,5301431.0,378289.0,0.0,2722992.0,282049.0,262377.0,5679720.0,3267417.0,2412302.0,0.4247
35,Kanpur-Lucknow-R35,2024-04,108,3,1.15,False,88.37,0.784,5714.0,1100.0,6282199.0,341185.0,0.0,2534464.0,219297.0,285371.0,6623384.0,3039133.0,3584251.0,0.5412
35,Kanpur-Lucknow-R35,2024-05,108,3,1.15,False,87.78,0.786,5538.0,1103.0,6109312.0,370849.0,0.0,2517591.0,201957.0,403058.0,6480161.0,3122606.0,3357555.0,0.5181
35,Kanpur-Lucknow-R35,2024-06,108,3,1.15,False,92.06,0.653,5846.0,916.0,5356017.0,321030.0,0.0,2640333.0,254982.0,392966.0,5677047.0,3288281.0,2388766.0,0.4208
35,Kanpur-Lucknow-R35,2024-07,108,3,1.15,False,85.29,0.746,6245.0,1047.0,6539353.0,340863.0,0.0,2446303.0,196380.0,277702.0,6880216.0,2920385.0,3959831.0,0.5755
35,Kanpur-Lucknow-R35,2024-08,108,3,1.15,False,94.74,0.682,5755.0,956.0,5503832.0,312244.0,0.0,2717092.0,261723.0,383287.0,5816076.0,3362102.0,2453974.0,0.4219
35,Kanpur-Lucknow-R35,2024-09,108,3,1.15,False,94.7,0.773,5770.0,1085.0,6257700.0,318298.0,0.0,2715922.0,249480.0,272026.0,6575998.0,3237428.0,3338570.0,0.5077
35,Kanpur-Lucknow-R35,2024-10,108,3,1.15,False,126.51,0.748,5805.0,1050.0,6094723.0,250685.0,0.0,3628346.0,257647.0,249184.0,6345407.0,4135176.0,2210231.0,0.3483
35,Kanpur-Lucknow-R35,2024-11,108,3,1.15,False,117.71,0.784,6414.0,1099.0,7051113.0,395958.0,0.0,3375907.0,216816.0,395548.0,7447072.0,3988271.0,3458801.0,0.4645
35,Kanpur-Lucknow-R35,2024-12,108,3,1.15,False,124.58,0.71,6252.0,997.0,6230233.0,406154.0,0.0,3572959.0,198654.0,293136.0,6636387.0,4064749.0,2571638.0,0.3875
35,Kanpur-Lucknow-R35,2025-01,108,3,1.15,False,111.03,0.534,5391.0,749.0,4038826.0,237480.0,0.0,3184400.0,218729.0,259515.0,4276307.0,3662644.0,613663.0,0.1435
35,Kanpur-Lucknow-R35,2025-02,108,3,1.15,False,118.34,0.609,6024.0,854.0,5145937.0,315684.0,0.0,3394114.0,196210.0,279993.0,5461621.0,3870316.0,1591305.0,0.2914
35,Kanpur-Lucknow-R35,2025-03,108,3,1.15,False,116.18,0.644,6645.0,904.0,6005021.0,163734.0,0.0,3332013.0,207019.0,349400.0,6168754.0,3888432.0,2280323.0,0.3697
36,Coimbatore-Chennai-R36,2024-04,138,5,2.09,False,87.97,0.678,4868.0,2025.0,9859357.0,811169.0,0.0,7433901.0,453236.0,658416.0,10670526.0,8545552.0,2124974.0,0.1991
36,Coimbatore-Chennai-R36,2024-05,138,5,2.09,False,96.64,0.713,4962.0,2131.0,10573577.0,697919.0,0.0,8166540.0,500649.0,576818.0,11271496.0,9244007.0,2027490.0,0.1799
36,Coimbatore-Chennai-R36,2024-06,138,5,2.09,False,92.63,0.82,4953.0,2450.0,12135865.0,792621.0,0.0,7828160.0,490348.0,463801.0,12928486.0,8782308.0,4146178.0,0.3207
36,Coimbatore-Chennai-R36,2024-07,138,5,2.09,False,91.82,0.868,4779.0,2595.0,12400367.0,722139.0,0.0,7759815.0,440419.0,611456.0,13122505.0,8811690.0,4310816.0,0.3285
36,Coimbatore-Chennai-R36,2024-08,138,5,2.09,False,94.46,0.705,5204.0,2106.0,10960926.0,791470.0,0.0,7982535.0,544445.0,653122.0,11752396.0,9180101.0,2572295.0,0.2189
36,Coimbatore-Chennai-R36,2024-09,138,5,2.09,False,91.2,0.697,4415.0,2083.0,9196933.0,679351.0,0.0,7707508.0,456813.0,456974.0,9876284.0,8621295.0,1254989.0,0.1271
36,Coimbatore-Chennai-R36,2024-10,138,5,2.09,False,109.18,0.66,4927.0,1971.0,9712124.0,504411.0,0.0,9226385.0,444897.0,527190.0,10216534.0,10198473.0,18062.0,0.0018
36,Coimbatore-Chennai-R36,2024-11,138,5,2.09,False,117.75,0.562,4874.0,1680.0,8188526.0,490099.0,0.0,9950457.0,414592.0,415028.0,8678625.0,10780076.0,-2101451.0,-0.2421
36,Coimbatore-Chennai-R36,2024-12,138,5,2.09,False,114.34,0.729,4840.0,2178.0,10542748.0,893717.0,0.0,9663091.0,551605.0,583971.0,11436465.0,10798666.0,637799.0,0.0558
36,Coimbatore-Chennai-R36,2025-01,138,5,2.09,False,114.82,0.706,5476.0,2111.0,11556626.0,854895.0,0.0,9703477.0,463438.0,467047.0,12411521.0,10633962.0,1777559.0,0.1432
36,Coimbatore-Chennai-R36,2025-02,138,5,2.09,False,118.81,0.761,5161.0,2272.0,11728379.0,496014.0,0.0,10040653.0,534797.0,471722.0,12224393.0,11047173.0,1177220.0,0.0963
36,Coimbatore-Chennai-R36,2025-03,138,5,2.09,False,114.03,0.716,5423.0,2140.0,11606712.0,618553.0,0.0,9636680.0,442047.0,448201.0,12225266.0,10526927.0,1698338.0,0.1389
37,Indore-Bhopal-R37,2024-04,90,7,0.98,False,90.58,0.685,3677.0,1868.0,6868639.0,659561.0,0.0,4953453.0,503672.0,903323.0,7528200.0,6360448.0,1167752.0,0.1551
37,Indore-Bhopal-R37,2024-05,90,7,0.98,False,92.51,0.708,3737.0,1930.0,7213805.0,487970.0,0.0,5059278.0,400557.0,968229.0,7701775.0,6428064.0,1273710.0,0.1654
37,Indore-Bhopal-R37,2024-06,90,7,0.98,False,89.46,0.777,3775.0,2118.0,7997286.0,755014.0,0.0,4892617.0,495025.0,909848.0,8752300.0,6297490.0,2454810.0,0.2805
37,Indore-Bhopal-R37,2024-07,90,7,0.98,False,89.43,0.724,3414.0,1976.0,6747223.0,523564.0,0.0,4890671.0,391923.0,624566.0,7270787.0,5907161.0,1363626.0,0.1875
37,Indore-Bhopal-R37,2024-08,90,7,0.98,False,88.67,0.739,3639.0,2015.0,7333348.0,805804.0,0.0,4849388.0,424947.0,962380.0,8139152.0,6236715.0,1902437.0,0.2337
37,Indore-Bhopal-R37,2024-09,90,7,0.98,False,89.28,0.734,3918.0,2003.0,7846688.0,649342.0,0.0,4882765.0,491330.0,586398.0,8496029.0,5960493.0,2535536.0,0.2984
37,Indore-Bhopal-R37,2024-10,90,7,0.98,False,116.81,0.617,4224.0,1683.0,7108725.0,574383.0,0.0,6388346.0,494858.0,963379.0,7683107.0,7846583.0,-163475.0,-0.0213
37,Indore-Bhopal-R37,2024-11,90,7,0.98,False,116.97,0.732,4169.0,1996.0,8323505.0,361456.0,0.0,6397062.0,459166.0,943193.0,8684961.0,7799422.0,885539.0,0.102
37,Indore-Bhopal-R37,2024-12,90,7,0.98,False,108.47,0.636,3780.0,1736.0,6561051.0,345948.0,0.0,5931874.0,497707.0,912241.0,6907000.0,7341822.0,-434822.0,-0.063
37,Indore-Bhopal-R37,2025-01,90,7,0.98,False,112.92,0.645,3930.0,1759.0,6915304.0,550407.0,0.0,6175148.0,492957.0,820500.0,7465711.0,7488606.0,-22894.0,-0.0031
37,Indore-Bhopal-R37,2025-02,90,7,0.98,False,116.34,0.718,4009.0,1958.0,7849025.0,790307.0,0.0,6362144.0,503757.0,937135.0,8639332.0,7803036.0,836296.0,0.0968
37,Indore-Bhopal-R37,2025-03,90,7,0.98,False,123.16,0.725,3828.0,1978.0,7571904.0,357759.0,0.0,6735529.0,381188.0,592040.0,7929663.0,7708757.0,220906.0,0.0279
38,Rajkot-Ahmedabad-R38,2024-04,138,3,1.29,False,91.43,0.907,4276.0,1626.0,6950949.0,402112.0,0.0,2827479.0,281383.0,283694.0,7353061.0,3392556.0,3960506.0,0.5386
38,Rajkot-Ahmedabad-R38,2024-05,138,3,1.29,False,94.51,0.718,4709.0,1287.0,6062304.0,274681.0,0.0,2922558.0,336379.0,356971.0,6336985.0,3615908.0,2721077.0,0.4294
38,Rajkot-Ahmedabad-R38,2024-06,138,3,1.29,False,93.26,0.717,4193.0,1285.0,5389298.0,366862.0,0.0,2883861.0,256205.0,328079.0,5756160.0,3468145.0,2288015.0,0.3975
38,Rajkot-Ahmedabad-R38,2024-07,138,3,1.29,False,87.63,0.683,4314.0,1225.0,5282243.0,500824.0,0.0,2709867.0,276112.0,298417.0,5783067.0,3284396.0,2498670.0,0.4321
38,Rajkot-Ahmedabad-R38,2024-08,138,3,1.29,False,90.07,0.745,4135.0,1336.0,5525902.0,535306.0,0.0,2785210.0,277847.0,254704.0,6061208.0,3317762.0,2743447.0,0.4526
38,Rajkot-Ahmedabad-R38,2024-09,138,3,1.29,False,95.19,0.766,4536.0,1374.0,6231115.0,537207.0,0.0,2943766.0,297743.0,410471.0,6768322.0,3651980.0,3116342.0,0.4604
38,Rajkot-Ahmedabad-R38,2024-10,138,3,1.29,False,117.23,0.723,4671.0,1295.0,6051256.0,483131.0,0.0,3625309.0,254974.0,289969.0,6534387.0,4170251.0,2364135.0,0.3618
38,Rajkot-Ahmedabad-R38,2024-11,138,3,1.29,False,118.95,0.603,4359.0,1081.0,4711666.0,213165.0,0.0,3678499.0,298263.0,295415.0,4924831.0,4272178.0,652653.0,0.1325
38,Rajkot-Ahmedabad-R38,2024-12,138,3,1.29,False,109.45,0.69,4069.0,1237.0,5034847.0,264324.0,0.0,3384721.0,353878.0,341984.0,5299171.0,4080582.0,1218589.0,0.23
38,Rajkot-Ahmedabad-R38,2025-01,138,3,1.29,False,121.08,0.66,4453.0,1183.0,5267425.0,350194.0,0.0,3744299.0,304748.0,292711.0,5617619.0,4341759.0,1275860.0,0.2271
38,Rajkot-Ahmedabad-R38,2025-02,138,3,1.29,False,109.08,0.714,4394.0,1280.0,5622372.0,259254.0,0.0,3373249.0,265264.0,349980.0,5881626.0,3988493.0,1893134.0,0.3219
38,Rajkot-Ahmedabad-R38,2025-03,138,3,1.29,False,119.92,0.623,4817.0,1118.0,5384261.0,295804.0,0.0,3708554.0,326310.0,339122.0,5680065.0,4373986.0,1306079.0,0.2299
39,Guwahati-Dibrugarh-R39,2024-04,108,7,1.48,False,86.47,0.74,3871.0,2423.0,9381006.0,621842.0,0.0,7517972.0,498117.0,969669.0,10002847.0,8985759.0,1017089.0,0.1017
39,Guwahati-Dibrugarh-R39,2024-05,108,7,1.48,False,88.11,0.762,3699.0,2494.0,9226879.0,464218.0,0.0,7660418.0,570441.0,575948.0,9691097.0,8806806.0,884290.0,0.0912
39,Guwahati-Dibrugarh-R39,2024-06,108,7,1.48,False,94.61,0.696,4098.0,2278.0,9335495.0,747191.0,0.0,8225852.0,505684.0,572726.0,10082686.0,9304261.0,778424.0,0.0772
39,Guwahati-Dibrugarh-R39,2024-07,108,7,1.48,False,88.55,0.792,3819.0,2592.0,9899002.0,660167.0,0.0,7698609.0,446881.0,729759.0,10559170.0,8875248.0,1683921.0,0.1595
39,Guwahati-Dibrugarh-R39,2024-08,108,7,1.48,False,93.01,0.674,3720.0,2208.0,8211804.0,846040.0,0.0,8086877.0,529802.0,905748.0,9057844.0,9522426.0,-464583.0,-0.0513
39,Guwahati-Dibrugarh-R39,2024-09,108,7,1.48,False,91.87,0.641,4182.0,2097.0,8770489.0,515918.0,0.0,7987318.0,449772.0,648556.0,9286407.0,9085646.0,200760.0,0.0216
39,Guwahati-Dibrugarh-R39,2024-10,108,7,1.48,False,111.33,0.665,4251.0,2176.0,9250846.0,544366.0,0.0,9679464.0,553848.0,689915.0,9795211.0,10923227.0,-1128015.0,-0.1152
39,Guwahati-Dibrugarh-R39,2024-11,108,7,1.48,False,121.84,0.52,4220.0,1702.0,7184207.0,580922.0,0.0,10593608.0,611667.0,795781.0,7765129.0,12001056.0,-4235927.0,-0.5455
39,Guwahati-Dibrugarh-R39,2024-12,108,7,1.48,False,119.42,0.662,3823.0,2168.0,8289682.0,410435.0,0.0,10382913.0,513480.0,755837.0,8700118.0,11652230.0,-2952112.0,-0.3393
39,Guwahati-Dibrugarh-R39,2025-01,108,7,1.48,False,112.61,0.79,4391.0,2585.0,11349777.0,879014.0,0.0,9790571.0,511191.0,692493.0,12228791.0,10994254.0,1234537.0,0.101
39,Guwahati-Dibrugarh-R39,2025-02,108,7,1.48,False,113.1,0.749,4143.0,2453.0,10162360.0,850184.0,0.0,9833253.0,580498.0,602887.0,11012543.0,11016638.0,-4095.0,-0.0004
39,Guwahati-Dibrugarh-R39,2025-03,108,7,1.48,False,116.71,0.65,4360.0,2128.0,9276557.0,466341.0,0.0,10147757.0,551002.0,725643.0,9742898.0,11424402.0,-1681504.0,-0.1726
40,Varanasi-Delhi-R40,2024-04,108,3,2.08,False,101.27,0.716,3311.0,1004.0,3325273.0,229656.0,0.0,4813437.0,252197.0,333657.0,3554929.0,5399291.0,-1844362.0,-0.5188
40,Varanasi-Delhi-R40,2024-05,108,3,2.08,False,90.48,0.764,3204.0,1072.0,3433641.0,228460.0,0.0,4300841.0,253404.0,410972.0,3662100.0,4965217.0,-1303116.0,-0.3558
40,Varanasi-Delhi-R40,2024-06,108,3,2.08,False,91.51,0.685,3416.0,961.0,3281583.0,190172.0,0.0,4349958.0,200332.0,359659.0,3471756.0,4909950.0,-1438194.0,-0.4143
40,Varanasi-Delhi-R40,2024-07,108,3,2.08,False,92.5,0.772,3379.0,1083.0,3658752.0,330889.0,0.0,4396622.0,272214.0,393491.0,3989641.0,5062328.0,-1072686.0,-0.2689
40,Varanasi-Delhi-R40,2024-08,108,3,2.08,False,89.98,0.709,3235.0,995.0,3219575.0,299965.0,0.0,4276929.0,199488.0,353638.0,3519540.0,4830055.0,-1310516.0,-0.3724
40,Varanasi-Delhi-R40,2024-09,108,3,2.08,False,92.17,0.708,3192.0,993.0,3171422.0,250229.0,0.0,4381034.0,211327.0,346579.0,3421651.0,4938940.0,-1517289.0,-0.4434
40,Varanasi-Delhi-R40,2024-10,108,3,2.08,False,122.43,0.786,3560.0,1103.0,3927082.0,289159.0,0.0,5819626.0,249830.0,307039.0,4216240.0,6376495.0,-2160255.0,-0.5124
40,Varanasi-Delhi-R40,2024-11,108,3,2.08,False,112.45,0.63,3437.0,884.0,3037947.0,355140.0,0.0,5344952.0,264496.0,336121.0,3393087.0,5945569.0,-2552482.0,-0.7523
40,Varanasi-Delhi-R40,2024-12,108,3,2.08,False,108.66,0.648,3148.0,909.0,2860120.0,235267.0,0.0,5164745.0,219467.0,235109.0,3095387.0,5619321.0,-2523934.0,-0.8154
40,Varanasi-Delhi-R40,2025-01,108,3,2.08,False,117.98,0.629,3509.0,883.0,3098319.0,236118.0,0.0,5608073.0,269668.0,295047.0,3334437.0,6172788.0,-2838351.0,-0.8512
40,Varanasi-Delhi-R40,2025-02,108,3,2.08,False,118.93,0.67,3163.0,940.0,2971740.0,325123.0,0.0,5653081.0,240833.0,234000.0,3296862.0,6127915.0,-2831053.0,-0.8587
40,Varanasi-Delhi-R40,2025-03,108,3,2.08,False,110.95,0.668,3261.0,937.0,3057081.0,371767.0,0.0,5273870.0,192240.0,377825.0,3428848.0,5843935.0,-2415087.0,-0.7043
41,Madurai-Bengaluru-R41,2024-04,90,7,1.91,True,90.5,0.632,4779.0,1724.0,8240578.0,438775.0,1785539.0,8394919.0,447237.0,735313.0,10464891.0,9577470.0,887421.0,0.0848
41,Madurai-Bengaluru-R41,2024-05,90,7,1.91,True,93.75,0.761,4683.0,2076.0,9722633.0,589118.0,1970501.0,8696698.0,529631.0,941112.0,12282252.0,10167441.0,2114811.0,0.1722
41,Madurai-Bengaluru-R41,2024-06,90,7,1.91,True,94.47,0.682,5163.0,1861.0,9607928.0,709417.0,1693861.0,8763808.0,492967.0,863720.0,12011205.0,10120496.0,1890709.0,0.1574
41,Madurai-Bengaluru-R41,2024-07,90,7,1.91,True,90.9,0.825,5026.0,2251.0,11314257.0,674496.0,2023293.0,8432191.0,370650.0,908799.0,14012045.0,9711640.0,4300406.0,0.3069
41,Madurai-Bengaluru-R41,2024-08,90,7,1.91,True,85.93,0.733,4817.0,1999.0,9628652.0,703803.0,1885578.0,7971409.0,438966.0,908052.0,12218034.0,9318427.0,2899607.0,0.2373
41,Madurai-Bengaluru-R41,2024-09,90,7,1.91,True,92.41,0.799,4907.0,2179.0,10690695.0,729390.0,2050663.0,8572251.0,469666.0,756290.0,13470748.0,9798207.0,3672541.0,0.2726
41,Madurai-Bengaluru-R41,2024-10,90,7,1.91,True,121.62,0.757,5687.0,2064.0,11736140.0,721757.0,2567796.0,11282330.0,540540.0,935510.0,15025693.0,12758380.0,2267313.0,0.1509
41,Madurai-Bengaluru-R41,2024-11,90,7,1.91,True,115.84,0.757,5030.0,2064.0,10380614.0,750603.0,1786355.0,10745838.0,522474.0,592111.0,12917573.0,11860423.0,1057150.0,0.0818
41,Madurai-Bengaluru-R41,2024-12,90,7,1.91,True,114.36,0.703,5487.0,1917.0,10515567.0,415610.0,2142670.0,10608369.0,455159.0,566255.0,13073847.0,11629783.0,1444065.0,0.1105
41,Madurai-Bengaluru-R41,2025-01,90,7,1.91,True,104.06,0.767,5381.0,2093.0,11261810.0,776241.0,1608521.0,9652854.0,474062.0,611117.0,13646572.0,10738033.0,2908539.0,0.2131
41,Madurai-Bengaluru-R41,2025-02,90,7,1.91,True,112.35,0.771,5226.0,2104.0,10995113.0,492489.0,1682279.0,10421549.0,452804.0,749297.0,13169881.0,11623650.0,1546231.0,0.1174
41,Madurai-Bengaluru-R41,2025-03,90,7,1.91,True,127.33,0.611,5568.0,1667.0,9284879.0,521510.0,1433620.0,11811824.0,461269.0,669686.0,11240009.0,12942779.0,-1702770.0,-0.1515
42,Raipur-Nagpur-R42,2024-04,78,10,1.5,False,95.41,0.726,3950.0,2452.0,9687920.0,549980.0,0.0,11923557.0,669694.0,1271750.0,10237900.0,13865001.0,-3627101.0,-0.3543
42,Raipur-Nagpur-R42,2024-05,78,10,1.5,False,94.62,0.79,4200.0,2668.0,11204601.0,676610.0,0.0,11824728.0,623795.0,864541.0,11881211.0,13313064.0,-1431853.0,-0.1205
42,Raipur-Nagpur-R42,2024-06,78,10,1.5,False,88.36,0.668,3994.0,2255.0,9007524.0,615361.0,0.0,11042420.0,636421.0,934997.0,9622885.0,12613838.0,-2990953.0,-0.3108
42,Raipur-Nagpur-R42,2024-07,78,10,1.5,False,95.01,0.79,4005.0,2667.0,10681767.0,987141.0,0.0,11873140.0,545578.0,1217366.0,11668908.0,13636084.0,-1967176.0,-0.1686
42,Raipur-Nagpur-R42,2024-08,78,10,1.5,False,93.91,0.654,4084.0,2207.0,9015499.0,653848.0,0.0,11735315.0,627574.0,956771.0,9669347.0,13319660.0,-3650313.0,-0.3775
42,Raipur-Nagpur-R42,2024-09,78,10,1.5,False,93.64,0.663,4155.0,2239.0,9301190.0,449573.0,0.0,11701587.0,468001.0,1384191.0,9750763.0,13553779.0,-3803016.0,-0.39
42,Raipur-Nagpur-R42,2024-10,78,10,1.5,False,120.97,0.706,4229.0,2386.0,10090229.0,593687.0,0.0,15117640.0,486592.0,1083233.0,10683916.0,16687465.0,-6003549.0,-0.5619
42,Raipur-Nagpur-R42,2024-11,78,10,1.5,False,109.62,0.687,3988.0,2322.0,9259587.0,555243.0,0.0,13698477.0,501559.0,916267.0,9814830.0,15116302.0,-5301472.0,-0.5401
42,Raipur-Nagpur-R42,2024-12,78,10,1.5,False,114.25,0.593,4271.0,2001.0,8546989.0,649674.0,0.0,14276978.0,609157.0,1000968.0,9196662.0,15887104.0,-6690442.0,-0.7275
42,Raipur-Nagpur-R42,2025-01,78,10,1.5,False,112.33,0.605,4496.0,2043.0,9184539.0,503771.0,0.0,14036898.0,556264.0,1285888.0,9688310.0,15879050.0,-6190740.0,-0.639
42,Raipur-Nagpur-R42,2025-02,78,10,1.5,False,119.46,0.676,4382.0,2282.0,9999946.0,762872.0,0.0,14927960.0,499564.0,843893.0,10762818.0,16271417.0,-5508599.0,-0.5118
42,Raipur-Nagpur-R42,2025-03,78,10,1.5,False,120.48,0.719,4135.0,2429.0,10043121.0,473198.0,0.0,15056526.0,636861.0,910731.0,10516319.0,16604117.0,-6087798.0,-0.5789
43,Jodhpur-Jaipur-R43,2024-04,90,14,1.55,True,89.52,0.768,5166.0,4190.0,21648112.0,1106309.0,3440608.0,14272601.0,827084.0,1820328.0,26195029.0,16920012.0,9275017.0,0.3541
43,Jodhpur-Jaipur-R43,2024-05,90,14,1.55,True,94.15,0.654,5263.0,3566.0,18766842.0,815697.0,2848160.0,15010947.0,769518.0,1225701.0,22430699.0,17006167.0,5424532.0,0.2418
43,Jodhpur-Jaipur-R43,2024-06,90,14,1.55,True,91.78,0.688,4650.0,3756.0,17465008.0,1495021.0,3650212.0,14633205.0,978734.0,1295245.0,22610241.0,16907184.0,5703057.0,0.2522
43,Jodhpur-Jaipur-R43,2024-07,90,14,1.55,True,93.94,0.848,5157.0,4628.0,23867322.0,1255114.0,4238411.0,14976351.0,866669.0,1609555.0,29360846.0,17452575.0,11908272.0,0.4056
43,Jodhpur-Jaipur-R43,2024-08,90,14,1.55,True,92.61,0.677,4997.0,3694.0,18455523.0,1443477.0,2808993.0,14765034.0,940878.0,1327231.0,22707993.0,17033142.0,5674851.0,0.2499
43,Jodhpur-Jaipur-R43,2024-09,90,14,1.55,True,90.87,0.875,5027.0,4771.0,23986941.0,1346364.0,4046706.0,14487715.0,805130.0,1171407.0,29380012.0,16464252.0,12915760.0,0.4396
43,Jodhpur-Jaipur-R43,2024-10,90,14,1.55,True,109.51,0.812,5155.0,4433.0,22851067.0,839297.0,4113817.0,17460179.0,772788.0,1551606.0,27804180.0,19784573.0,8019607.0,0.2884
43,Jodhpur-Jaipur-R43,2024-11,90,14,1.55,True,121.56,0.679,5287.0,3705.0,19589365.0,688909.0,3193119.0,19381326.0,1050246.0,1298291.0,23471392.0,21729863.0,1741529.0,0.0742
43,Jodhpur-Jaipur-R43,2024-12,90,14,1.55,True,120.58,0.683,5540.0,3726.0,20641410.0,966888.0,3860136.0,19225214.0,894413.0,1714257.0,25468434.0,21833884.0,3634550.0,0.1427
43,Jodhpur-Jaipur-R43,2025-01,90,14,1.55,True,121.14,0.846,5458.0,4617.0,25200913.0,1775492.0,5121749.0,19313628.0,996556.0,1771633.0,32098154.0,22081817.0,10016337.0,0.3121
43,Jodhpur-Jaipur-R43,2025-02,90,14,1.55,True,120.36,0.717,5399.0,3914.0,21128804.0,1503873.0,3446868.0,19189385.0,1027933.0,1769556.0,26079544.0,21986874.0,4092670.0,0.1569
43,Jodhpur-Jaipur-R43,2025-03,90,14,1.55,True,118.05,0.825,5421.0,4500.0,24395089.0,1821349.0,5139807.0,18821301.0,941583.0,1582676.0,31356246.0,21345560.0,10010686.0,0.3193
44,Amritsar-Chandigarh-R44,2024-04,138,3,2.16,False,94.56,0.768,5223.0,1377.0,7191631.0,530912.0,0.0,4481924.0,302144.0,250212.0,7722543.0,5034280.0,2688263.0,0.3481
44,Amritsar-Chandigarh-R44,2024-05,138,3,2.16,False,89.28,0.725,5069.0,1300.0,6589793.0,330615.0,0.0,4231639.0,266363.0,249252.0,6920408.0,4747255.0,2173153.0,0.314
44,Amritsar-Chandigarh-R44,2024-06,138,3,2.16,False,91.49,0.63,5067.0,1129.0,5723489.0,329254.0,0.0,4336591.0,282905.0,281405.0,6052744.0,4900901.0,1151842.0,0.1903
44,Amritsar-Chandigarh-R44,2024-07,138,3,2.16,False,93.46,0.757,5208.0,1356.0,7064279.0,565797.0,0.0,4429974.0,280958.0,249895.0,7630076.0,4960827.0,2669249.0,0.3498
44,Amritsar-Chandigarh-R44,2024-08,138,3,2.16,False,88.86,0.762,4891.0,1365.0,6677789.0,413718.0,0.0,4211694.0,282118.0,354220.0,7091508.0,4848032.0,2243475.0,0.3164
44,Amritsar-Chandigarh-R44,2024-09,138,3,2.16,False,92.41,0.698,4799.0,1251.0,6005517.0,429697.0,0.0,4380048.0,337529.0,377930.0,6435214.0,5095508.0,1339706.0,0.2082
44,Amritsar-Chandigarh-R44,2024-10,138,3,2.16,False,119.84,0.728,5346.0,1305.0,6977347.0,536232.0,0.0,5680274.0,253077.0,385876.0,7513579.0,6319226.0,1194353.0,0.159
44,Amritsar-Chandigarh-R44,2024-11,138,3,2.16,False,120.2,0.675,5084.0,1210.0,6151879.0,496702.0,0.0,5697015.0,258021.0,297290.0,6648581.0,6252326.0,396255.0,0.0596
44,Amritsar-Chandigarh-R44,2024-12,138,3,2.16,False,116.49,0.716,5306.0,1284.0,6814153.0,278457.0,0.0,5521520.0,308087.0,352591.0,7092610.0,6182198.0,910412.0,0.1284
44,Amritsar-Chandigarh-R44,2025-01,138,3,2.16,False,119.52,0.725,5329.0,1300.0,6927066.0,238827.0,0.0,5665146.0,267096.0,290631.0,7165893.0,6222873.0,943020.0,0.1316
44,Amritsar-Chandigarh-R44,2025-02,138,3,2.16,False,112.52,0.712,5444.0,1277.0,6951713.0,422787.0,0.0,5333110.0,351112.0,378975.0,7374500.0,6063197.0,1311303.0,0.1778
44,Amritsar-Chandigarh-R44,2025-03,138,3,2.16,False,116.62,0.768,5430.0,1377.0,7477905.0,390294.0,0.0,5527299.0,288257.0,311622.0,7868199.0,6127179.0,1741021.0,0.2213
45,Vizag-Hyderabad-R45,2024-04,78,5,1.76,False,90.66,0.696,4804.0,1175.0,5644396.0,365142.0,0.0,6544081.0,258572.0,489069.0,6009538.0,7291722.0,-1282184.0,-0.2134
45,Vizag-Hyderabad-R45,2024-05,78,5,1.76,False,89.73,0.622,4601.0,1051.0,4836399.0,345870.0,0.0,6476648.0,274096.0,532212.0,5182269.0,7282956.0,-2100687.0,-0.4054
45,Vizag-Hyderabad-R45,2024-06,78,5,1.76,False,94.7,0.681,4750.0,1151.0,5465211.0,218148.0,0.0,6835595.0,315488.0,475471.0,5683359.0,7626554.0,-1943196.0,-0.3419
45,Vizag-Hyderabad-R45,2024-07,78,5,1.76,False,94.27,0.711,4349.0,1201.0,5224469.0,391553.0,0.0,6804797.0,333300.0,543779.0,5616022.0,7681876.0,-2065854.0,-0.3679
45,Vizag-Hyderabad-R45,2024-08,78,5,1.76,False,88.18,0.749,4061.0,1265.0,5135880.0,313596.0,0.0,6365291.0,275212.0,473870.0,5449477.0,7114373.0,-1664896.0,-0.3055
45,Vizag-Hyderabad-R45,2024-09,78,5,1.76,False,93.77,0.721,4721.0,1218.0,5748544.0,283452.0,0.0,6768535.0,316494.0,522317.0,6031996.0,7607347.0,-1575350.0,-0.2612
45,Vizag-Hyderabad-R45,2024-10,78,5,1.76,False,117.64,0.604,4827.0,1021.0,4926265.0,349266.0,0.0,8491261.0,266494.0,677419.0,5275530.0,9435173.0,-4159643.0,-0.7885
45,Vizag-Hyderabad-R45,2024-11,78,5,1.76,False,114.71,0.681,4282.0,1150.0,4922086.0,335772.0,0.0,8280007.0,269416.0,451438.0,5257858.0,9000861.0,-3743003.0,-0.7119
45,Vizag-Hyderabad-R45,2024-12,78,5,1.76,False,115.68,0.612,4650.0,1034.0,4805808.0,186524.0,0.0,8349692.0,332630.0,395756.0,4992333.0,9078078.0,-4085745.0,-0.8184
45,Vizag-Hyderabad-R45,2025-01,78,5,1.76,False,119.37,0.663,4898.0,1119.0,5480047.0,325869.0,0.0,8616153.0,334965.0,401618.0,5805916.0,9352736.0,-3546820.0,-0.6109
45,Vizag-Hyderabad-R45,2025-02,78,5,1.76,False,119.92,0.735,4716.0,1242.0,5855912.0,265979.0,0.0,8656068.0,301190.0,546057.0,6121890.0,9503315.0,-3381425.0,-0.5523
45,Vizag-Hyderabad-R45,2025-03,78,5,1.76,False,119.21,0.527,4531.0,891.0,4036005.0,245868.0,0.0,8604749.0,243673.0,447990.0,4281873.0,9296413.0,-5014540.0,-1.1711
46,Patna-Ranchi-R46,2024-04,90,3,1.93,False,90.73,0.681,3537.0,796.0,2816005.0,247860.0,0.0,4200564.0,220283.0,326806.0,3063864.0,4747654.0,-1683789.0,-0.5496
46,Patna-Ranchi-R46,2024-05,90,3,1.93,False,94.88,0.799,3536.0,934.0,3303068.0,256872.0,0.0,4392608.0,181580.0,328151.0,3559940.0,4902339.0,-1342398.0,-0.3771
46,Patna-Ranchi-R46,2024-06,90,3,1.93,False,94.56,0.739,3589.0,864.0,3100584.0,200645.0,0.0,4378084.0,223812.0,296744.0,3301228.0,4898640.0,-1597412.0,-0.4839
46,Patna-Ranchi-R46,2024-07,90,3,1.93,False,91.47,0.679,3802.0,793.0,3015606.0,244946.0,0.0,4234736.0,220942.0,259072.0,3260552.0,4714749.0,-1454197.0,-0.446
46,Patna-Ranchi-R46,2024-08,90,3,1.93,False,91.04,0.715,3302.0,836.0,2759859.0,252750.0,0.0,4215173.0,161371.0,324221.0,3012609.0,4700765.0,-1688156.0,-0.5604
46,Patna-Ranchi-R46,2024-09,90,3,1.93,False,92.26,0.585,3531.0,684.0,2414761.0,204781.0,0.0,4271380.0,165670.0,247103.0,2619542.0,4684152.0,-2064610.0,-0.7882
46,Patna-Ranchi-R46,2024-10,90,3,1.93,False,109.07,0.604,3486.0,706.0,2460610.0,276427.0,0.0,5049599.0,174428.0,250393.0,2737037.0,5474421.0,-2737383.0,-1.0001
46,Patna-Ranchi-R46,2024-11,90,3,1.93,False,120.23,0.709,3532.0,829.0,2926522.0,336920.0,0.0,5566269.0,212394.0,246357.0,3263441.0,6025021.0,-2761579.0,-0.8462
46,Patna-Ranchi-R46,2024-12,90,3,1.93,False,114.02,0.71,4074.0,830.0,3381465.0,228307.0,0.0,5278750.0,182378.0,257412.0,3609772.0,5718541.0,-2108769.0,-0.5842
46,Patna-Ranchi-R46,2025-01,90,3,1.93,False,117.32,0.612,3520.0,716.0,2519806.0,214398.0,0.0,5431567.0,170551.0,312400.0,2734203.0,5914518.0,-3180315.0,-1.1632
46,Patna-Ranchi-R46,2025-02,90,3,1.93,False,106.76,0.703,3461.0,822.0,2843671.0,186735.0,0.0,4943006.0,164403.0,270612.0,3030406.0,5378021.0,-2347615.0,-0.7747
46,Patna-Ranchi-R46,2025-03,90,3,1.93,False,109.53,0.626,3474.0,732.0,2543278.0,147107.0,0.0,5071260.0,191809.0,339526.0,2690385.0,5602595.0,-2912210.0,-1.0825
47,Surat-Mumbai-R47,2024-04,78,5,1.32,True,87.9,0.832,3757.0,1406.0,5281206.0,395780.0,676354.0,4082164.0,264308.0,461751.0,6353340.0,4808223.0,1545117.0,0.2432
47,Surat-Mumbai-R47,2024-05,78,5,1.32,True,91.31,0.628,4355.0,1060.0,4617735.0,277300.0,637411.0,4240591.0,306920.0,497942.0,5532446.0,5045453.0,486993.0,0.088
47,Surat-Mumbai-R47,2024-06,78,5,1.32,True,96.06,0.87,3788.0,1470.0,5567443.0,329509.0,943849.0,4461242.0,245732.0,438674.0,6840801.0,5145649.0,1695152.0,0.2478
47,Surat-Mumbai-R47,2024-07,78,5,1.32,True,90.05,0.738,3957.0,1247.0,4933316.0,502615.0,613213.0,4182040.0,290533.0,555879.0,6049145.0,5028451.0,1020693.0,0.1687
47,Surat-Mumbai-R47,2024-08,78,5,1.32,True,92.04,0.778,4034.0,1314.0,5301428.0,464092.0,753703.0,4274528.0,250174.0,485140.0,6519223.0,5009843.0,1509380.0,0.2315
47,Surat-Mumbai-R47,2024-09,78,5,1.32,True,94.27,0.746,4094.0,1260.0,5157500.0,423921.0,960802.0,4378014.0,281293.0,664062.0,6542222.0,5323369.0,1218854.0,0.1863
47,Surat-Mumbai-R47,2024-10,78,5,1.32,True,120.52,0.732,4051.0,1236.0,5006377.0,259265.0,797378.0,5597416.0,263195.0,646375.0,6063020.0,6506987.0,-443967.0,-0.0732
47,Surat-Mumbai-R47,2024-11,78,5,1.32,True,118.06,0.607,4102.0,1025.0,4203044.0,217716.0,893000.0,5483112.0,281350.0,468445.0,5313760.0,6232907.0,-919147.0,-0.173
47,Surat-Mumbai-R47,2024-12,78,5,1.32,True,112.19,0.605,3957.0,1021.0,4041449.0,347850.0,706108.0,5210597.0,277880.0,640726.0,5095407.0,6129203.0,-1033796.0,-0.2029
47,Surat-Mumbai-R47,2025-01,78,5,1.32,True,122.62,0.698,4064.0,1178.0,4788040.0,438310.0,1037482.0,5694783.0,305569.0,438666.0,6263832.0,6439018.0,-175186.0,-0.028
47,Surat-Mumbai-R47,2025-02,78,5,1.32,True,112.5,0.738,4161.0,1247.0,5187312.0,432364.0,1094569.0,5224725.0,248831.0,508775.0,6714244.0,5982331.0,731913.0,0.109
47,Surat-Mumbai-R47,2025-03,78,5,1.32,True,120.32,0.772,4180.0,1303.0,5446539.0,361651.0,1007179.0,5587994.0,291492.0,437057.0,6815369.0,6316543.0,498826.0,0.0732
48,Kharagpur-Kolkata-R48,2024-04,138,7,1.32,False,92.85,0.663,3264.0,2773.0,9051616.0,909777.0,0.0,6300306.0,587358.0,621169.0,9961393.0,7508834.0,2452559.0,0.2462
48,Kharagpur-Kolkata-R48,2024-05,138,7,1.32,False,95.03,0.71,3207.0,2971.0,9527757.0,667696.0,0.0,6448545.0,626624.0,682730.0,10195453.0,7757899.0,2437555.0,0.2391
48,Kharagpur-Kolkata-R48,2024-06,138,7,1.32,False,92.82,0.859,3552.0,3594.0,12766247.0,1427857.0,0.0,6298246.0,646997.0,825118.0,14194104.0,7770361.0,6423743.0,0.4526
48,Kharagpur-Kolkata-R48,2024-07,138,7,1.32,False,89.49,0.795,3375.0,3325.0,11221530.0,674739.0,0.0,6072018.0,759115.0,854446.0,11896270.0,7685579.0,4210691.0,0.354
48,Kharagpur-Kolkata-R48,2024-08,138,7,1.32,False,92.51,0.718,3565.0,3004.0,10709176.0,1137543.0,0.0,6277408.0,774928.0,757884.0,11846719.0,7810221.0,4036498.0,0.3407
48,Kharagpur-Kolkata-R48,2024-09,138,7,1.32,False,92.59,0.747,3090.0,3123.0,9650767.0,1210736.0,0.0,6282381.0,653167.0,750770.0,10861503.0,7686317.0,3175186.0,0.2923
48,Kharagpur-Kolkata-R48,2024-10,138,7,1.32,False,124.46,0.675,3548.0,2823.0,10015706.0,1183212.0,0.0,8445401.0,608687.0,765715.0,11198919.0,9819803.0,1379115.0,0.1231
48,Kharagpur-Kolkata-R48,2024-11,138,7,1.32,False,113.44,0.695,3900.0,2906.0,11332322.0,960173.0,0.0,7697488.0,682596.0,762132.0,12292494.0,9142215.0,3150279.0,0.2563
48,Kharagpur-Kolkata-R48,2024-12,138,7,1.32,False,115.6,0.683,3260.0,2857.0,9315042.0,1000712.0,0.0,7844203.0,781623.0,711278.0,10315754.0,9337105.0,978649.0,0.0949
48,Kharagpur-Kolkata-R48,2025-01,138,7,1.32,False,115.82,0.689,3670.0,2881.0,10571168.0,694925.0,0.0,7858592.0,576063.0,838548.0,11266093.0,9273203.0,1992890.0,0.1769
48,Kharagpur-Kolkata-R48,2025-02,138,7,1.32,False,116.09,0.737,3639.0,3082.0,11217122.0,984577.0,0.0,7877336.0,569364.0,930752.0,12201699.0,9377451.0,2824248.0,0.2315
48,Kharagpur-Kolkata-R48,2025-03,138,7,1.32,False,107.65,0.647,3345.0,2707.0,9056075.0,669442.0,0.0,7304542.0,798913.0,713771.0,9725518.0,8817227.0,908291.0,0.0934
